2010-02-23 01:38:40,0.234
2010-02-23 04:06:24,0.251
2010-02-23 05:20:47,0.235
2010-02-23 07:37:16,0.251
2010-02-23 09:06:10,0.229
2010-02-23 10:34:07,0.247
2010-02-23 11:43:26,0.231
2010-02-23 12:50:44,0.25
2010-02-23 17:02:28,0.243
2010-02-23 21:55:31,0.229
2010-02-24 00:28:39,0.252
2010-02-24 01:51:21,0.232
2010-02-24 05:57:23,0.234
2010-02-24 07:03:35,0.249
2010-02-24 08:24:15,0.235
2010-02-24 09:51:10,0.245
2010-02-24 16:36:01,0.243
2010-02-24 19:31:10,0.231
2010-02-24 23:36:38,0.244
2010-02-25 01:57:16,0.252
2010-02-25 03:14:50,0.236
2010-02-25 04:44:45,0.248
2010-02-25 07:07:26,0.234
2010-02-25 15:57:21,0.247
2010-02-25 18:26:34,0.234
2010-02-25 22:59:57,0.232
2010-02-26 01:21:39,0.25
2010-02-26 07:28:47,0.229
2010-02-26 08:48:28,0.228
2010-02-26 09:49:34,0.245
2010-02-26 12:46:41,0.231
2010-02-26 13:55:02,0.245
2010-02-26 16:41:48,0.231
2010-02-26 19:21:20,0.237
2010-02-26 20:35:52,0.251
2010-02-26 22:56:38,0.23
2010-02-27 00:25:36,0.243
2010-02-27 01:50:24,0.24
2010-02-27 04:14:11,0.243
2010-02-27 05:15:12,0.231
2010-02-27 06:16:13,0.247
2010-02-27 07:31:43,0.231
2010-02-27 10:55:37,0.25
2010-02-27 12:25:40,0.238
2010-02-27 16:19:46,0.252
2010-02-27 20:50:03,0.231
2010-02-27 23:07:42,0.248
2010-02-28 01:30:24,0.232
2010-02-28 03:53:51,0.249
2010-02-28 05:19:30,0.239
2010-02-28 09:09:40,0.238
2010-02-28 15:17:39,0.247
2010-02-28 17:40:21,0.229
2010-02-28 19:09:13,0.251
2010-02-28 20:25:43,0.231
2010-02-28 21:32:52,0.248
2010-03-01 00:18:08,0.235
2010-03-01 10:10:49,0.245
2010-03-01 19:15:58,0.231
2010-03-01 20:42:53,0.25
2010-03-01 23:37:39,0.236
2010-03-02 00:47:54,0.251
2010-03-02 03:31:01,0.235
2010-03-02 08:06:45,0.25
2010-03-02 14:11:34,0.244
2010-03-02 18:03:15,0.249
2010-03-02 19:19:50,0.235
2010-03-03 02:50:15,0.248
2010-03-03 06:06:20,0.235
2010-03-03 07:26:52,0.233
2010-03-03 11:28:34,0.251
2010-03-03 12:41:58,0.23
2010-03-03 14:00:33,0.238
2010-03-03 15:24:18,0.24
2010-03-03 16:52:12,0.238
2010-03-03 19:34:32,0.229
2010-03-03 20:37:40,0.249
2010-03-03 21:42:50,0.248
2010-03-03 22:59:17,0.235
2010-03-04 01:01:09,0.233
2010-03-04 03:50:31,0.249
2010-03-04 04:56:37,0.25
2010-03-04 07:06:47,0.233
2010-03-04 08:31:30,0.252
2010-03-04 09:44:53,0.251
2010-03-04 12:03:29,0.238
2010-03-04 20:48:09,0.235
2010-03-04 22:18:09,0.245
2010-03-05 00:44:56,0.233
2010-03-05 05:50:51,0.24
2010-03-05 11:11:28,0.236
2010-03-05 17:07:28,0.229
2010-03-05 18:23:03,0.242
2010-03-06 04:02:05,0.228
2010-03-06 11:07:53,0.234
2010-03-06 12:25:29,0.248
2010-03-06 13:29:40,0.236
2010-03-06 14:43:08,0.249
2010-03-06 17:27:40,0.233
2010-03-06 21:25:32,0.246
2010-03-06 22:32:45,0.235
2010-03-07 01:00:34,0.249
2010-03-07 05:41:40,0.242
2010-03-07 08:02:14,0.23
2010-03-07 09:28:06,0.236
2010-03-07 12:03:14,0.248
2010-03-07 13:12:32,0.233
2010-03-07 14:33:13,0.244
2010-03-07 16:00:07,0.236
2010-03-07 20:13:41,0.241
2010-03-07 22:38:31,0.23
2010-03-08 05:00:01,0.244
2010-03-08 08:54:52,0.229
2010-03-08 13:49:02,0.246
2010-03-08 16:21:22,0.231
2010-03-08 18:29:50,0.247
2010-03-08 21:00:06,0.232
2010-03-08 22:29:10,0.229
2010-03-09 02:17:51,0.243
2010-03-09 03:25:07,0.23
2010-03-09 06:01:21,0.245
2010-03-09 07:15:52,0.246
2010-03-09 08:44:53,0.248
2010-03-09 10:06:44,0.232
2010-03-09 12:35:58,0.251
2010-03-09 13:55:47,0.241
2010-03-09 23:54:54,0.232
2010-03-10 02:13:40,0.248
2010-03-10 03:22:00,0.236
2010-03-10 05:49:03,0.239
2010-03-10 13:09:42,0.228
2010-03-10 14:36:45,0.247
2010-03-10 20:51:12,0.229
2010-03-10 23:26:37,0.252
2010-03-11 05:04:05,0.249
2010-03-11 06:25:54,0.231
2010-03-11 07:52:54,0.25
2010-03-11 09:10:36,0.234
2010-03-11 12:38:42,0.248
2010-03-11 13:42:59,0.23
2010-03-11 17:40:31,0.251
2010-03-11 20:30:35,0.238
2010-03-12 00:55:36,0.245
2010-03-12 03:27:47,0.23
2010-03-12 08:26:05,0.252
2010-03-12 09:27:16,0.232
2010-03-12 10:45:05,0.247
2010-03-12 12:09:07,0.243
2010-03-12 14:52:00,0.229
2010-03-12 16:01:31,0.251
2010-03-12 17:16:15,0.237
2010-03-12 23:30:37,0.245
2010-03-13 00:38:58,0.229
2010-03-13 02:08:03,0.25
2010-03-13 03:24:43,0.245
2010-03-13 04:49:38,0.232
2010-03-13 06:05:16,0.249
2010-03-13 07:24:02,0.243
2010-03-13 11:27:39,0.228
2010-03-13 12:36:08,0.242
2010-03-13 18:26:52,0.231
2010-03-13 19:56:03,0.246
2010-03-13 21:17:58,0.232
2010-03-13 23:57:35,0.249
2010-03-14 10:14:02,0.232
2010-03-14 12:39:17,0.247
2010-03-14 15:08:41,0.249
2010-03-14 19:09:25,0.232
2010-03-14 21:40:03,0.249
2010-03-15 00:07:24,0.231
2010-03-15 01:30:21,0.249
2010-03-15 05:12:10,0.234
2010-03-15 10:53:45,0.251
2010-03-15 12:08:39,0.236
2010-03-15 15:45:44,0.238
2010-03-15 18:18:33,0.251
2010-03-15 19:34:24,0.231
2010-03-15 23:32:14,0.244
2010-03-16 00:38:38,0.229
2010-03-16 01:46:01,0.246
2010-03-16 06:44:46,0.23
2010-03-16 09:26:55,0.231
2010-03-16 11:56:52,0.247
2010-03-16 13:12:48,0.233
2010-03-16 15:28:00,0.251
2010-03-16 16:36:44,0.239
2010-03-16 17:55:50,0.245
2010-03-17 00:35:09,0.234
2010-03-17 04:18:14,0.251
2010-03-17 05:46:26,0.229
2010-03-17 07:01:11,0.242
2010-03-17 10:36:09,0.252
2010-03-17 13:28:34,0.229
2010-03-17 15:42:40,0.243
2010-03-17 22:16:45,0.247
2010-03-18 03:08:30,0.23
2010-03-18 04:25:17,0.237
2010-03-18 08:29:11,0.251
2010-03-18 11:12:39,0.246
2010-03-18 12:25:39,0.242
2010-03-18 17:09:22,0.238
2010-03-18 22:20:35,0.25
2010-03-18 23:21:54,0.23
2010-03-19 01:57:41,0.248
2010-03-19 08:42:47,0.239
2010-03-19 14:52:49,0.249
2010-03-19 17:11:11,0.239
2010-03-19 18:22:57,0.246
2010-03-19 20:41:14,0.247
2010-03-19 22:11:43,0.232
2010-03-20 01:04:07,0.248
2010-03-20 02:30:20,0.231
2010-03-20 03:58:35,0.241
2010-03-20 06:31:15,0.246
2010-03-20 08:01:36,0.23
2010-03-20 10:34:25,0.244
2010-03-20 15:26:34,0.232
2010-03-20 17:35:42,0.248
2010-03-20 18:59:57,0.228
2010-03-20 23:03:24,0.245
2010-03-21 00:25:33,0.231
2010-03-21 06:28:16,0.245
2010-03-21 07:45:09,0.231
2010-03-21 09:06:13,0.249
2010-03-21 13:57:32,0.228
2010-03-21 15:09:23,0.242
2010-03-21 16:17:01,0.229
2010-03-21 17:21:34,0.245
2010-03-21 18:50:04,0.238
2010-03-21 22:23:27,0.25
2010-03-21 23:28:55,0.234
2010-03-22 03:30:00,0.247
2010-03-22 07:44:44,0.23
2010-03-22 09:59:02,0.243
2010-03-22 11:26:39,0.23
2010-03-22 14:04:59,0.229
2010-03-22 16:13:11,0.237
2010-03-22 17:28:13,0.251
2010-03-22 21:35:15,0.234
2010-03-22 22:39:48,0.23
2010-03-23 02:07:47,0.249
2010-03-23 04:33:18,0.232
2010-03-23 11:53:36,0.247
2010-03-23 14:21:35,0.233
2010-03-23 18:19:16,0.251
2010-03-23 19:27:01,0.233
2010-03-23 21:31:06,0.246
2010-03-23 23:54:47,0.252
2010-03-24 06:29:08,0.239
2010-03-24 12:27:29,0.24
2010-03-24 13:46:44,0.246
2010-03-24 16:17:49,0.234
2010-03-24 21:25:25,0.247
2010-03-24 22:37:18,0.232
2010-03-25 01:06:10,0.245
2010-03-25 03:43:15,0.229
2010-03-25 04:46:44,0.243
2010-03-25 08:27:21,0.242
2010-03-25 12:03:05,0.229
2010-03-25 14:50:49,0.242
2010-03-25 22:43:06,0.229
2010-03-26 01:16:07,0.245
2010-03-26 13:19:57,0.25
2010-03-26 14:37:03,0.232
2010-03-26 17:03:05,0.245
2010-03-26 19:52:09,0.231
2010-03-26 21:17:41,0.25
2010-03-26 23:51:58,0.248
2010-03-27 02:21:58,0.229
2010-03-27 03:28:41,0.248
2010-03-27 05:50:23,0.239
2010-03-27 07:17:55,0.249
2010-03-27 08:20:27,0.236
2010-03-27 12:13:03,0.251
2010-03-27 13:19:53,0.247
2010-03-27 16:49:43,0.23
2010-03-27 17:52:23,0.246
2010-03-27 20:37:16,0.23
2010-03-27 23:05:20,0.25
2010-03-28 01:11:32,0.229
2010-03-28 02:13:02,0.237
2010-03-28 03:22:52,0.229
2010-03-28 04:34:48,0.249
2010-03-28 05:59:16,0.237
2010-03-28 09:18:26,0.251
2010-03-28 10:49:06,0.239
2010-03-28 16:12:36,0.234
2010-03-28 17:35:02,0.246
2010-03-28 18:59:35,0.234
2010-03-28 20:23:02,0.252
2010-03-28 21:26:40,0.231
2010-03-29 02:10:10,0.235
2010-03-29 04:39:12,0.25
2010-03-29 06:06:45,0.248
2010-03-29 07:20:49,0.231
2010-03-29 12:20:32,0.247
2010-03-29 15:00:30,0.25
2010-03-29 16:09:30,0.231
2010-03-30 03:09:21,0.235
2010-03-30 12:35:30,0.236
2010-03-30 13:42:31,0.241
2010-03-30 19:58:59,0.234
2010-03-31 00:44:59,0.238
2010-03-31 03:29:52,0.25
2010-03-31 04:52:54,0.231
2010-03-31 05:59:44,0.244
2010-03-31 09:45:41,0.251
2010-03-31 11:11:15,0.239
2010-03-31 13:34:10,0.232
2010-03-31 18:32:19,0.247
2010-04-01 02:35:56,0.231
2010-04-01 04:05:25,0.239
2010-04-01 05:24:11,0.241
2010-04-01 07:55:14,0.242
2010-04-01 09:17:14,0.252
2010-04-01 10:19:54,0.235
2010-04-01 15:30:10,0.251
2010-04-01 17:54:10,0.236
2010-04-01 21:09:56,0.252
2010-04-01 22:17:55,0.24
2010-04-01 23:35:43,0.237
2010-04-02 00:44:44,0.25
2010-04-02 01:47:13,0.234
2010-04-02 04:02:00,0.25
2010-04-02 06:21:10,0.233
2010-04-02 07:30:11,0.243
2010-04-02 08:56:34,0.229
2010-04-02 10:21:57,0.251
2010-04-02 12:51:07,0.231
2010-04-02 14:06:43,0.241
2010-04-02 22:17:34,0.231
2010-04-02 23:32:04,0.241
2010-04-03 00:34:37,0.234
2010-04-03 04:15:35,0.242
2010-04-03 05:20:18,0.239
2010-04-03 13:11:15,0.244
2010-04-03 14:18:10,0.23
2010-04-03 15:30:33,0.233
2010-04-03 23:02:13,0.251
2010-04-04 00:18:56,0.234
2010-04-04 05:09:19,0.25
2010-04-04 06:12:53,0.229
2010-04-04 07:18:45,0.246
2010-04-04 13:25:57,0.247
2010-04-04 15:55:03,0.242
2010-04-04 21:25:46,0.23
2010-04-04 22:36:05,0.247
2010-04-05 05:11:56,0.229
2010-04-05 12:41:43,0.247
2010-04-05 13:48:43,0.231
2010-04-05 23:06:04,0.244
2010-04-06 04:18:51,0.229
2010-04-06 05:46:23,0.247
2010-04-06 06:46:53,0.231
2010-04-06 10:34:25,0.251
2010-04-06 15:30:37,0.232
2010-04-06 16:47:43,0.247
2010-04-06 17:59:12,0.228
2010-04-06 20:25:28,0.252
2010-04-07 00:23:13,0.239
2010-04-07 04:18:41,0.23
2010-04-07 06:58:39,0.245
2010-04-07 09:49:42,0.233
2010-04-07 11:13:06,0.249
2010-04-07 14:59:45,0.233
2010-04-07 16:10:19,0.241
2010-04-07 17:31:38,0.23
2010-04-07 22:45:52,0.248
2010-04-08 03:46:18,0.229
2010-04-08 06:16:37,0.247
2010-04-08 08:53:40,0.236
2010-04-08 12:38:05,0.244
2010-04-08 19:06:08,0.242
2010-04-09 00:00:40,0.228
2010-04-09 01:26:03,0.23
2010-04-09 03:37:59,0.242
2010-04-09 06:28:51,0.233
2010-04-09 09:12:25,0.246
2010-04-09 15:26:23,0.238
2010-04-09 16:28:18,0.251
2010-04-09 17:50:40,0.237
2010-04-10 03:27:50,0.233
2010-04-10 04:33:55,0.246
2010-04-10 08:01:49,0.241
2010-04-10 14:31:50,0.23
2010-04-10 15:59:38,0.24
2010-04-11 02:04:02,0.231
2010-04-11 03:04:38,0.234
2010-04-11 05:25:24,0.23
2010-04-11 06:33:34,0.248
2010-04-11 07:53:39,0.241
2010-04-11 10:09:07,0.248
2010-04-11 11:34:45,0.238
2010-04-11 13:46:56,0.251
2010-04-11 15:15:48,0.236
2010-04-11 19:09:06,0.242
2010-04-12 02:35:45,0.249
2010-04-12 03:57:57,0.235
2010-04-12 06:44:40,0.249
2010-04-12 10:43:38,0.229
2010-04-12 12:01:45,0.247
2010-04-12 13:12:38,0.228
2010-04-12 14:41:49,0.25
2010-04-12 17:19:32,0.234
2010-04-12 23:35:51,0.25
2010-04-13 02:02:07,0.236
2010-04-13 04:27:10,0.25
2010-04-13 05:51:47,0.248
2010-04-13 12:07:44,0.24
2010-04-13 13:33:33,0.236
2010-04-14 03:19:59,0.247
2010-04-14 06:50:23,0.25
2010-04-14 09:17:10,0.233
2010-04-14 10:32:09,0.234
2010-04-14 18:09:23,0.248
2010-04-14 19:33:12,0.235
2010-04-14 21:48:01,0.252
2010-04-14 23:14:47,0.242
2010-04-15 01:58:17,0.238
2010-04-15 04:24:33,0.24
2010-04-15 09:37:07,0.242
2010-04-15 11:02:46,0.245
2010-04-15 12:29:32,0.231
2010-04-15 14:47:22,0.248
2010-04-15 16:04:40,0.242
2010-04-15 23:30:53,0.239
2010-04-16 07:11:24,0.243
2010-04-16 10:39:50,0.229
2010-04-16 13:03:17,0.25
2010-04-16 15:36:33,0.229
2010-04-16 16:56:58,0.244
2010-04-16 18:18:22,0.238
2010-04-16 21:56:25,0.237
2010-04-16 23:02:32,0.241
2010-04-17 00:26:03,0.238
2010-04-17 03:53:58,0.24
2010-04-17 09:15:39,0.236
2010-04-17 10:44:41,0.245
2010-04-17 12:09:21,0.235
2010-04-17 16:58:15,0.249
2010-04-17 18:16:23,0.238
2010-04-17 21:58:47,0.252
2010-04-17 23:02:50,0.236
2010-04-18 00:19:50,0.234
2010-04-18 03:01:19,0.248
2010-04-18 09:54:19,0.234
2010-04-18 12:39:19,0.232
2010-04-18 14:53:52,0.233
2010-04-18 16:10:57,0.249
2010-04-18 17:32:28,0.231
2010-04-18 18:56:06,0.249
2010-04-18 19:59:06,0.238
2010-04-18 23:39:14,0.24
2010-04-19 01:03:45,0.245
2010-04-19 08:55:42,0.229
2010-04-19 09:57:44,0.25
2010-04-19 17:02:28,0.23
2010-04-19 18:06:44,0.24
2010-04-19 20:26:00,0.228
2010-04-20 03:02:19,0.242
2010-04-20 05:32:01,0.238
2010-04-20 06:47:56,0.23
2010-04-20 09:29:07,0.248
2010-04-20 10:39:56,0.231
2010-04-20 11:55:03,0.245
2010-04-20 13:06:57,0.229
2010-04-20 15:38:46,0.242
2010-04-20 17:45:19,0.23
2010-04-20 18:57:28,0.248
2010-04-20 20:17:06,0.236
2010-04-20 22:58:01,0.244
2010-04-21 04:57:16,0.247
2010-04-21 08:29:10,0.232
2010-04-21 10:49:46,0.248
2010-04-21 13:08:02,0.234
2010-04-21 14:21:06,0.237
2010-04-21 21:06:52,0.251
2010-04-21 22:08:56,0.249
2010-04-21 23:30:28,0.247
2010-04-22 01:53:53,0.232
2010-04-22 05:38:49,0.25
2010-04-22 07:52:41,0.231
2010-04-22 09:07:49,0.241
2010-04-22 13:52:17,0.23
2010-04-22 16:43:20,0.246
2010-04-22 19:10:22,0.244
2010-04-23 01:08:07,0.229
2010-04-23 02:25:12,0.251
2010-04-23 03:29:22,0.232
2010-04-23 04:46:28,0.245
2010-04-23 06:09:06,0.23
2010-04-23 07:32:50,0.248
2010-04-23 11:41:01,0.25
2010-04-23 13:11:22,0.231
2010-04-23 14:32:56,0.243
2010-04-23 15:44:46,0.233
2010-04-23 17:15:05,0.252
2010-04-24 00:10:44,0.237
2010-04-24 01:30:06,0.25
2010-04-24 03:54:43,0.245
2010-04-24 07:46:27,0.241
2010-04-24 09:03:40,0.237
2010-04-24 10:11:13,0.241
2010-04-24 12:45:51,0.237
2010-04-24 15:15:08,0.251
2010-04-24 16:15:59,0.228
2010-04-24 17:44:15,0.241
2010-04-24 19:00:24,0.24
2010-04-24 21:31:41,0.239
2010-04-25 13:37:41,0.248
2010-04-25 15:01:30,0.236
2010-04-25 18:46:59,0.243
2010-04-25 21:22:51,0.236
2010-04-26 03:41:09,0.239
2010-04-26 07:25:20,0.242
2010-04-26 09:37:30,0.246
2010-04-26 14:12:28,0.231
2010-04-26 16:32:31,0.25
2010-04-26 17:39:12,0.229
2010-04-26 18:45:49,0.249
2010-04-26 20:08:52,0.244
2010-04-26 21:29:37,0.229
2010-04-26 22:31:48,0.242
2010-04-27 01:02:02,0.236
2010-04-27 03:27:54,0.235
2010-04-27 06:01:29,0.242
2010-04-27 10:01:19,0.243
2010-04-27 16:08:28,0.229
2010-04-27 18:45:40,0.236
2010-04-27 22:40:08,0.234
2010-04-28 00:08:15,0.249
2010-04-28 01:27:46,0.23
2010-04-28 02:54:46,0.239
2010-04-28 19:38:17,0.232
2010-04-28 20:49:14,0.229
2010-04-28 22:07:37,0.243
2010-04-28 23:30:19,0.229
2010-04-29 00:53:06,0.241
2010-04-29 06:42:52,0.229
2010-04-29 08:12:16,0.247
2010-04-29 10:18:56,0.24
2010-04-29 15:13:51,0.239
2010-04-29 20:16:05,0.243
2010-04-29 21:37:52,0.239
2010-04-30 01:30:05,0.238
2010-04-30 03:48:38,0.246
2010-04-30 04:57:22,0.228
2010-04-30 06:27:49,0.241
2010-04-30 07:45:14,0.232
2010-04-30 09:07:06,0.248
2010-04-30 10:12:37,0.231
2010-04-30 14:11:36,0.246
2010-04-30 15:27:02,0.242
2010-04-30 17:48:50,0.232
2010-04-30 20:23:43,0.246
2010-04-30 21:29:13,0.24
2010-04-30 22:40:02,0.247
2010-05-01 04:57:12,0.239
2010-05-01 06:10:14,0.229
2010-05-01 07:11:16,0.25
2010-05-01 12:22:33,0.229
2010-05-01 13:46:38,0.247
2010-05-01 14:58:40,0.229
2010-05-01 16:18:29,0.25
2010-05-01 18:49:10,0.231
2010-05-01 20:18:37,0.233
2010-05-01 21:40:28,0.238
2010-05-02 01:39:10,0.247
2010-05-02 03:44:40,0.23
2010-05-02 05:04:06,0.252
2010-05-02 06:24:38,0.231
2010-05-02 10:10:37,0.249
2010-05-02 11:24:58,0.228
2010-05-02 12:27:23,0.245
2010-05-02 13:37:21,0.246
2010-05-02 19:55:39,0.234
2010-05-02 22:48:09,0.252
2010-05-02 23:57:57,0.241
2010-05-03 22:47:41,0.238
2010-05-04 03:25:56,0.251
2010-05-04 05:31:31,0.243
2010-05-04 06:38:05,0.244
2010-05-04 09:10:02,0.23
2010-05-04 10:33:28,0.246
2010-05-04 11:58:48,0.234
2010-05-04 14:30:08,0.239
2010-05-04 15:38:16,0.232
2010-05-04 16:48:24,0.241
2010-05-04 21:34:05,0.229
2010-05-04 22:54:52,0.246
2010-05-05 06:22:38,0.248
2010-05-05 07:28:15,0.235
2010-05-05 08:32:53,0.24
2010-05-05 11:55:19,0.231
2010-05-05 13:06:26,0.245
2010-05-05 14:30:46,0.233
2010-05-05 17:22:38,0.248
2010-05-05 21:10:15,0.232
2010-05-05 23:27:19,0.231
2010-05-06 00:46:00,0.244
2010-05-06 01:52:34,0.238
2010-05-06 22:44:13,0.251
2010-05-07 02:19:52,0.233
2010-05-07 03:25:20,0.248
2010-05-07 04:38:30,0.24
2010-05-07 05:51:38,0.242
2010-05-07 09:34:37,0.237
2010-05-07 11:53:35,0.234
2010-05-07 14:45:24,0.248
2010-05-07 19:00:45,0.231
2010-05-07 20:21:44,0.245
2010-05-08 00:17:56,0.232
2010-05-08 01:19:01,0.251
2010-05-08 02:39:56,0.249
2010-05-08 03:42:11,0.237
2010-05-08 12:22:41,0.251
2010-05-08 15:08:58,0.234
2010-05-08 16:25:32,0.245
2010-05-08 17:46:34,0.24
2010-05-08 22:10:20,0.234
2010-05-08 23:23:42,0.238
2010-05-09 01:55:43,0.241
2010-05-09 03:08:02,0.228
2010-05-09 05:57:41,0.244
2010-05-09 09:29:06,0.243
2010-05-09 10:51:21,0.239
2010-05-10 05:15:55,0.24
2010-05-10 12:50:23,0.25
2010-05-10 14:10:36,0.233
2010-05-10 16:43:23,0.239
2010-05-11 00:13:30,0.237
2010-05-11 04:40:44,0.23
2010-05-11 05:47:40,0.244
2010-05-11 10:52:08,0.23
2010-05-11 13:42:25,0.233
2010-05-11 16:01:04,0.246
2010-05-11 18:42:32,0.231
2010-05-12 01:39:13,0.24
2010-05-12 03:06:55,0.238
2010-05-12 12:58:54,0.239
2010-05-12 16:59:38,0.245
2010-05-12 19:47:01,0.229
2010-05-12 21:01:48,0.242
2010-05-12 22:03:28,0.243
2010-05-13 02:01:28,0.23
2010-05-13 03:24:52,0.245
2010-05-13 05:56:17,0.239
2010-05-13 10:35:22,0.242
2010-05-13 13:09:14,0.228
2010-05-13 15:31:07,0.251
2010-05-13 16:51:26,0.229
2010-05-13 19:25:19,0.244
2010-05-13 21:43:55,0.236
2010-05-13 23:14:18,0.25
2010-05-14 00:40:14,0.23
2010-05-14 02:05:06,0.247
2010-05-14 03:31:00,0.229
2010-05-14 07:26:53,0.238
2010-05-14 10:09:22,0.25
2010-05-14 12:41:04,0.249
2010-05-14 15:07:17,0.23
2010-05-14 16:22:38,0.248
2010-05-14 17:33:30,0.231
2010-05-15 00:16:44,0.25
2010-05-15 01:24:08,0.236
2010-05-15 06:00:21,0.241
2010-05-15 11:16:17,0.242
2010-05-15 13:41:26,0.239
2010-05-15 15:53:21,0.236
2010-05-15 18:31:21,0.233
2010-05-15 21:03:49,0.245
2010-05-16 00:31:42,0.23
2010-05-16 01:33:44,0.251
2010-05-16 02:40:04,0.228
2010-05-16 04:09:19,0.246
2010-05-16 05:11:13,0.233
2010-05-16 08:11:53,0.249
2010-05-16 10:48:45,0.228
2010-05-16 13:04:55,0.246
2010-05-16 20:06:59,0.239
2010-05-16 23:41:26,0.246
2010-05-17 02:22:35,0.233
2010-05-17 03:47:29,0.249
2010-05-17 04:58:12,0.235
2010-05-17 17:13:10,0.245
2010-05-17 18:19:50,0.233
2010-05-17 19:40:47,0.236
2010-05-18 00:19:57,0.249
2010-05-18 01:29:37,0.247
2010-05-18 02:31:37,0.243
2010-05-18 03:46:46,0.241
2010-05-18 13:06:45,0.229
2010-05-18 16:33:36,0.24
2010-05-18 21:48:30,0.238
2010-05-19 00:41:52,0.235
2010-05-19 05:48:06,0.25
2010-05-19 07:00:12,0.24
2010-05-19 08:02:28,0.248
2010-05-19 10:27:55,0.237
2010-05-19 11:49:57,0.248
2010-05-19 15:26:41,0.239
2010-05-19 19:12:13,0.237
2010-05-19 20:40:48,0.244
2010-05-19 22:09:14,0.236
2010-05-20 00:42:57,0.24
2010-05-20 12:35:33,0.235
2010-05-20 19:51:41,0.242
2010-05-20 20:55:06,0.248
2010-05-20 23:36:39,0.235
2010-05-21 01:00:33,0.238
2010-05-21 05:56:10,0.245
2010-05-21 11:07:23,0.234
2010-05-21 13:59:01,0.251
2010-05-21 15:25:24,0.238
2010-05-21 16:39:44,0.232
2010-05-21 17:41:00,0.234
2010-05-21 19:54:16,0.245
2010-05-21 23:36:52,0.232
2010-05-22 00:44:24,0.24
2010-05-22 04:37:40,0.244
2010-05-22 06:01:37,0.23
2010-05-22 08:54:00,0.24
2010-05-22 10:17:04,0.244
2010-05-22 11:41:14,0.229
2010-05-22 15:18:31,0.243
2010-05-22 16:25:14,0.228
2010-05-22 17:40:33,0.248
2010-05-22 19:06:46,0.238
2010-05-23 03:38:27,0.246
2010-05-23 06:13:18,0.233
2010-05-23 08:23:10,0.236
2010-05-23 09:48:26,0.25
2010-05-23 11:07:08,0.233
2010-05-23 14:53:18,0.244
2010-05-23 16:15:11,0.228
2010-05-23 20:10:09,0.248
2010-05-23 22:35:35,0.241
2010-05-23 23:47:34,0.237
2010-05-24 05:10:31,0.234
2010-05-24 08:03:09,0.249
2010-05-24 09:32:57,0.236
2010-05-24 13:08:49,0.251
2010-05-24 15:32:23,0.231
2010-05-24 16:34:52,0.247
2010-05-24 17:48:13,0.243
2010-05-24 20:12:52,0.236
2010-05-25 05:12:31,0.246
2010-05-25 07:38:59,0.23
2010-05-25 09:04:27,0.234
2010-05-25 10:22:17,0.248
2010-05-25 12:40:28,0.235
2010-05-25 14:07:01,0.231
2010-05-25 17:39:58,0.238
2010-05-25 21:21:17,0.251
2010-05-26 00:05:27,0.235
2010-05-26 01:06:58,0.228
2010-05-26 02:11:46,0.251
2010-05-26 03:24:09,0.233
2010-05-26 05:50:20,0.248
2010-05-26 07:19:13,0.235
2010-05-26 10:43:24,0.23
2010-05-26 13:25:16,0.245
2010-05-26 18:20:59,0.238
2010-05-27 00:49:34,0.248
2010-05-27 02:05:23,0.23
2010-05-27 07:57:41,0.243
2010-05-27 09:20:19,0.228
2010-05-27 10:28:46,0.25
2010-05-27 12:54:22,0.23
2010-05-27 14:15:53,0.229
2010-05-27 20:42:58,0.246
2010-05-27 23:01:58,0.231
2010-05-28 00:13:27,0.249
2010-05-28 01:15:14,0.25
2010-05-28 02:22:25,0.228
2010-05-28 03:30:41,0.241
2010-05-28 06:15:30,0.233
2010-05-28 07:39:05,0.246
2010-05-28 10:10:15,0.252
2010-05-28 11:21:58,0.228
2010-05-28 13:48:44,0.25
2010-05-28 16:13:30,0.235
2010-05-28 21:53:44,0.231
2010-05-29 00:22:23,0.249
2010-05-29 01:48:01,0.234
2010-05-29 08:33:39,0.248
2010-05-29 09:58:25,0.232
2010-05-29 15:04:56,0.247
2010-05-29 17:28:22,0.23
2010-05-29 18:36:48,0.246
2010-05-29 20:53:38,0.243
2010-05-30 02:42:55,0.228
2010-05-30 03:45:52,0.232
2010-05-30 05:06:11,0.246
2010-05-30 07:51:14,0.244
2010-05-30 09:16:02,0.232
2010-05-30 11:51:45,0.245
2010-05-30 12:59:15,0.229
2010-05-30 14:03:28,0.247
2010-05-30 16:54:32,0.23
2010-05-30 18:07:30,0.247
2010-05-30 19:18:20,0.232
2010-05-30 21:45:20,0.248
2010-05-30 22:47:20,0.233
2010-05-31 00:08:47,0.249
2010-05-31 01:12:48,0.23
2010-05-31 03:37:11,0.233
2010-05-31 08:50:31,0.251
2010-05-31 11:17:44,0.24
2010-05-31 16:28:38,0.228
2010-05-31 17:36:20,0.243
2010-05-31 21:04:45,0.228
2010-05-31 22:21:03,0.245
2010-06-01 00:46:47,0.237
2010-06-01 04:45:51,0.251
2010-06-01 05:56:34,0.232
2010-06-01 15:28:14,0.235
2010-06-01 22:51:25,0.249
2010-06-02 00:13:47,0.235
2010-06-02 07:53:52,0.25
2010-06-02 10:30:56,0.249
2010-06-02 11:42:52,0.245
2010-06-02 15:36:20,0.229
2010-06-02 16:58:15,0.245
2010-06-02 18:16:49,0.249
2010-06-02 19:37:39,0.234
2010-06-02 21:02:39,0.252
2010-06-02 22:29:52,0.23
2010-06-02 23:50:25,0.232
2010-06-03 02:14:55,0.228
2010-06-03 03:41:51,0.234
2010-06-03 16:31:18,0.23
2010-06-03 17:56:15,0.252
2010-06-03 20:33:21,0.231
2010-06-03 21:54:59,0.248
2010-06-03 23:18:45,0.233
2010-06-04 00:42:29,0.249
2010-06-04 03:02:40,0.251
2010-06-04 04:23:15,0.234
2010-06-04 05:49:12,0.25
2010-06-04 15:12:32,0.23
2010-06-04 16:26:47,0.251
2010-06-04 17:48:40,0.228
2010-06-04 18:56:17,0.246
2010-06-04 23:40:47,0.232
2010-06-05 01:02:19,0.244
2010-06-05 10:02:20,0.231
2010-06-05 11:08:51,0.25
2010-06-05 12:24:08,0.236
2010-06-05 14:51:18,0.244
2010-06-05 20:14:00,0.246
2010-06-05 23:55:08,0.233
2010-06-06 06:09:35,0.246
2010-06-06 11:16:01,0.234
2010-06-06 14:42:14,0.232
2010-06-06 15:47:47,0.23
2010-06-06 17:04:10,0.245
2010-06-06 23:41:30,0.23
2010-06-07 01:06:24,0.231
2010-06-07 05:58:08,0.23
2010-06-07 08:46:13,0.245
2010-06-07 10:06:06,0.246
2010-06-07 11:28:10,0.243
2010-06-08 04:23:47,0.249
2010-06-08 08:11:23,0.251
2010-06-08 10:49:31,0.236
2010-06-08 15:44:11,0.244
2010-06-08 17:11:40,0.239
2010-06-09 05:31:09,0.231
2010-06-09 07:54:56,0.244
2010-06-09 09:15:40,0.229
2010-06-09 11:40:49,0.232
2010-06-09 15:36:47,0.241
2010-06-09 20:30:37,0.229
2010-06-09 22:00:09,0.243
2010-06-10 00:16:20,0.231
2010-06-10 02:54:06,0.247
2010-06-10 05:20:01,0.233
2010-06-10 09:08:55,0.251
2010-06-10 11:53:48,0.25
2010-06-10 13:14:46,0.238
2010-06-10 20:38:52,0.249
2010-06-11 00:09:07,0.247
2010-06-11 14:35:47,0.234
2010-06-11 16:55:40,0.233
2010-06-11 19:53:43,0.245
2010-06-12 00:58:02,0.234
2010-06-12 04:59:44,0.251
2010-06-12 06:14:53,0.247
2010-06-12 08:51:52,0.228
2010-06-12 10:17:01,0.242
2010-06-12 15:15:06,0.248
2010-06-12 18:03:24,0.235
2010-06-12 23:57:52,0.248
2010-06-13 03:33:26,0.239
2010-06-13 06:23:25,0.246
2010-06-13 07:40:46,0.24
2010-06-13 10:22:16,0.231
2010-06-13 12:39:43,0.248
2010-06-13 13:41:59,0.231
2010-06-13 15:11:33,0.244
2010-06-13 22:42:31,0.232
2010-06-14 00:06:26,0.249
2010-06-14 04:06:02,0.232
2010-06-14 09:03:21,0.247
2010-06-14 11:43:28,0.231
2010-06-14 13:10:05,0.249
2010-06-14 14:33:26,0.245
2010-06-14 19:27:36,0.25
2010-06-14 20:45:33,0.232
2010-06-15 06:59:04,0.24
2010-06-15 19:00:30,0.246
2010-06-15 20:04:09,0.231
2010-06-15 21:06:34,0.241
2010-06-16 08:19:07,0.232
2010-06-16 10:54:48,0.245
2010-06-16 13:43:33,0.23
2010-06-16 17:15:16,0.231
2010-06-16 18:44:10,0.244
2010-06-16 19:57:35,0.231
2010-06-16 21:21:56,0.248
2010-06-16 23:47:19,0.23
2010-06-17 01:11:13,0.244
2010-06-17 07:09:42,0.252
2010-06-17 08:35:05,0.244
2010-06-17 09:57:17,0.23
2010-06-17 11:01:58,0.247
2010-06-17 12:17:40,0.248
2010-06-17 14:52:20,0.233
2010-06-17 15:59:19,0.25
2010-06-17 17:00:48,0.231
2010-06-17 19:40:23,0.251
2010-06-17 22:10:35,0.239
2010-06-17 23:21:42,0.233
2010-06-18 04:31:56,0.245
2010-06-18 05:53:55,0.23
2010-06-18 07:11:39,0.25
2010-06-18 09:29:41,0.243
2010-06-18 13:13:03,0.246
2010-06-18 15:40:08,0.23
2010-06-18 18:37:51,0.25
2010-06-18 20:04:26,0.237
2010-06-19 08:47:35,0.244
2010-06-19 14:48:07,0.232
2010-06-19 16:11:26,0.252
2010-06-19 17:31:26,0.247
2010-06-19 18:38:14,0.229
2010-06-19 19:54:55,0.247
2010-06-20 01:03:22,0.231
2010-06-20 03:37:30,0.252
2010-06-20 06:00:49,0.249
2010-06-20 07:27:14,0.237
2010-06-20 09:45:15,0.251
2010-06-20 11:12:55,0.235
2010-06-20 18:33:06,0.251
2010-06-20 19:45:37,0.235
2010-06-21 02:07:23,0.231
2010-06-21 03:22:46,0.251
2010-06-21 04:37:03,0.233
2010-06-21 07:08:09,0.251
2010-06-21 08:10:37,0.234
2010-06-21 10:34:41,0.247
2010-06-21 18:10:37,0.233
2010-06-21 19:34:21,0.247
2010-06-21 20:54:41,0.245
2010-06-21 22:18:11,0.229
2010-06-22 00:42:49,0.23
2010-06-22 04:43:23,0.232
2010-06-22 06:12:06,0.248
2010-06-22 09:58:37,0.229
2010-06-22 10:59:07,0.252
2010-06-22 12:11:48,0.235
2010-06-22 19:07:51,0.252
2010-06-22 22:20:10,0.249
2010-06-22 23:45:39,0.232
2010-06-23 01:03:25,0.247
2010-06-23 03:35:35,0.251
2010-06-23 07:06:00,0.23
2010-06-23 09:46:38,0.244
2010-06-23 14:39:19,0.23
2010-06-23 18:31:24,0.252
2010-06-23 19:48:20,0.239
2010-06-24 00:57:20,0.236
2010-06-24 02:24:55,0.228
2010-06-24 05:50:50,0.248
2010-06-24 07:13:04,0.251
2010-06-24 08:23:21,0.246
2010-06-24 09:28:26,0.229
2010-06-24 12:08:00,0.251
2010-06-24 13:19:29,0.249
2010-06-24 20:27:54,0.235
2010-06-24 21:43:50,0.251
2010-06-24 22:45:15,0.232
2010-06-25 00:05:18,0.248
2010-06-25 01:22:58,0.244
2010-06-25 08:43:51,0.251
2010-06-25 11:05:50,0.25
2010-06-25 13:27:45,0.252
2010-06-25 14:49:05,0.238
2010-06-26 00:09:37,0.244
2010-06-26 04:54:40,0.233
2010-06-26 10:58:59,0.249
2010-06-26 14:44:22,0.239
2010-06-26 18:36:10,0.246
2010-06-26 20:45:36,0.251
2010-06-26 23:03:52,0.239
2010-06-27 04:13:41,0.252
2010-06-27 05:24:54,0.238
2010-06-27 06:30:37,0.247
2010-06-27 09:57:57,0.248
2010-06-27 12:21:03,0.249
2010-06-27 13:38:58,0.247
2010-06-27 14:56:58,0.248
2010-06-27 16:11:35,0.246
2010-06-27 17:37:08,0.235
2010-06-27 19:05:04,0.248
2010-06-27 20:06:50,0.239
2010-06-27 21:33:48,0.248
2010-06-27 22:37:26,0.234
2010-06-28 02:20:56,0.247
2010-06-28 04:44:30,0.252
2010-06-28 07:22:37,0.23
2010-06-28 08:34:29,0.243
2010-06-28 09:45:11,0.242
2010-06-28 11:12:29,0.23
2010-06-28 14:44:43,0.238
2010-06-28 18:34:51,0.23
2010-06-28 19:46:40,0.249
2010-06-28 22:07:15,0.231
2010-06-28 23:15:35,0.246
2010-06-29 02:35:35,0.232
2010-06-29 04:40:50,0.228
2010-06-29 08:23:27,0.245
2010-06-29 12:09:52,0.229
2010-06-29 18:49:53,0.246
2010-06-29 20:17:28,0.236
2010-06-29 22:44:27,0.251
2010-06-29 23:58:15,0.233
2010-06-30 01:14:04,0.234
2010-06-30 02:35:26,0.248
2010-06-30 03:41:23,0.232
2010-06-30 04:44:06,0.247
2010-06-30 08:37:59,0.232
2010-06-30 11:09:59,0.233
2010-06-30 12:27:33,0.248
2010-06-30 14:59:13,0.249
2010-06-30 17:33:23,0.234
2010-06-30 19:01:55,0.237
2010-06-30 20:21:50,0.229
2010-06-30 22:52:21,0.242
2010-07-01 04:08:04,0.25
2010-07-01 05:21:54,0.23
2010-07-01 09:12:48,0.243
2010-07-01 10:42:39,0.252
2010-07-01 12:57:46,0.23
2010-07-01 13:58:40,0.231
2010-07-01 15:15:09,0.244
2010-07-01 16:29:33,0.251
2010-07-01 18:54:32,0.243
2010-07-01 22:49:24,0.232
2010-07-02 03:32:26,0.247
2010-07-02 04:38:33,0.234
2010-07-02 13:48:46,0.251
2010-07-02 15:02:57,0.25
2010-07-02 16:18:22,0.244
2010-07-02 17:25:59,0.231
2010-07-02 23:29:31,0.229
2010-07-03 00:39:54,0.252
2010-07-03 02:06:50,0.239
2010-07-03 06:04:49,0.249
2010-07-03 10:49:53,0.231
2010-07-03 12:19:16,0.251
2010-07-03 15:00:34,0.239
2010-07-03 16:04:40,0.248
2010-07-03 17:23:09,0.232
2010-07-03 22:30:42,0.248
2010-07-04 04:43:24,0.228
2010-07-04 06:04:46,0.243
2010-07-04 08:45:33,0.228
2010-07-04 11:25:40,0.23
2010-07-04 12:26:39,0.244
2010-07-04 18:41:33,0.23
2010-07-04 20:09:02,0.251
2010-07-04 23:08:07,0.248
2010-07-05 00:36:01,0.23
2010-07-05 02:55:38,0.243
2010-07-05 08:07:52,0.233
2010-07-05 09:10:09,0.237
2010-07-05 10:25:38,0.238
2010-07-05 11:55:45,0.234
2010-07-05 14:35:54,0.249
2010-07-05 17:23:02,0.244
2010-07-05 18:38:07,0.251
2010-07-05 21:14:05,0.239
2010-07-06 01:09:43,0.229
2010-07-06 02:11:16,0.252
2010-07-06 03:37:04,0.23
2010-07-06 10:55:55,0.245
2010-07-06 12:02:15,0.229
2010-07-06 15:49:49,0.251
2010-07-06 17:06:06,0.237
2010-07-07 02:02:18,0.248
2010-07-07 08:20:17,0.233
2010-07-07 11:51:01,0.231
2010-07-07 16:03:05,0.248
2010-07-07 18:45:32,0.252
2010-07-07 21:16:52,0.229
2010-07-07 22:21:59,0.247
2010-07-08 03:11:36,0.235
2010-07-08 05:30:24,0.246
2010-07-08 06:42:09,0.234
2010-07-08 10:26:18,0.236
2010-07-08 12:41:04,0.251
2010-07-08 13:49:35,0.232
2010-07-08 14:53:37,0.233
2010-07-08 17:32:48,0.247
2010-07-08 20:17:29,0.231
2010-07-08 21:33:42,0.252
2010-07-09 00:34:20,0.24
2010-07-09 02:02:21,0.245
2010-07-09 03:24:56,0.23
2010-07-09 07:35:14,0.247
2010-07-09 10:08:52,0.23
2010-07-09 11:28:20,0.24
2010-07-09 13:54:04,0.23
2010-07-09 17:46:04,0.245
2010-07-09 19:08:58,0.228
2010-07-09 20:04:41,0.24
2010-07-10 02:52:14,0.239
2010-07-10 07:02:14,0.252
2010-07-10 08:26:07,0.24
2010-07-10 11:11:45,0.232
2010-07-10 12:14:41,0.248
2010-07-10 13:28:41,0.234
2010-07-10 14:31:37,0.247
2010-07-10 15:40:03,0.236
2010-07-10 20:50:09,0.229
2010-07-10 22:07:21,0.249
2010-07-10 23:12:18,0.25
2010-07-11 02:42:24,0.232
2010-07-11 10:20:46,0.25
2010-07-11 11:39:06,0.234
2010-07-11 12:59:43,0.248
2010-07-11 17:53:21,0.232
2010-07-12 00:05:17,0.247
2010-07-12 03:47:46,0.242
2010-07-12 06:04:19,0.248
2010-07-12 07:18:19,0.235
2010-07-12 08:41:08,0.252
2010-07-12 09:59:36,0.231
2010-07-12 17:03:39,0.242
2010-07-12 18:24:25,0.229
2010-07-12 19:46:17,0.251
2010-07-12 21:01:40,0.23
2010-07-12 22:11:16,0.236
2010-07-12 23:39:29,0.25
2010-07-13 01:06:32,0.235
2010-07-13 03:25:31,0.233
2010-07-13 04:32:43,0.251
2010-07-13 07:28:05,0.23
2010-07-13 10:08:18,0.499
2010-07-13 11:25:44,0.571
2010-07-13 12:51:05,0.232
2010-07-13 16:15:51,0.252
2010-07-13 19:51:52,0.234
2010-07-13 21:13:20,0.24
2010-07-13 23:42:40,0.232
2010-07-13 23:43:46,0.245
2010-07-13 23:44:52,0.229
2010-07-13 23:46:00,0.243
2010-07-13 23:47:06,0.248
2010-07-13 23:48:13,0.241
2010-07-13 23:50:26,0.24
2010-07-14 00:51:33,0.228
2010-07-14 00:53:46,0.24
2010-07-14 07:03:47,0.231
2010-07-14 08:29:50,0.251
2010-07-14 13:31:02,0.232
2010-07-14 14:45:14,0.248
2010-07-14 16:09:34,0.244
2010-07-14 21:28:51,0.247
2010-07-14 22:38:30,0.235
2010-07-14 23:53:43,0.25
2010-07-15 00:59:58,0.246
2010-07-15 08:36:25,0.243
2010-07-15 09:45:02,0.248
2010-07-15 18:40:07,0.251
2010-07-15 19:54:26,0.252
2010-07-15 21:15:58,0.24
2010-07-15 22:36:36,0.238
2010-07-16 00:00:18,0.252
2010-07-16 01:06:16,0.247
2010-07-16 02:34:25,0.24
2010-07-16 03:49:18,0.236
2010-07-16 05:03:00,0.248
2010-07-16 06:13:28,0.23
2010-07-16 07:38:21,0.251
2010-07-16 09:01:15,0.234
2010-07-16 10:29:43,0.246
2010-07-16 11:48:09,0.23
2010-07-16 13:07:50,0.246
2010-07-16 14:10:35,0.232
2010-07-16 15:15:43,0.248
2010-07-16 16:20:45,0.232
2010-07-16 17:49:17,0.25
2010-07-16 18:56:26,0.251
2010-07-16 20:16:07,0.231
2010-07-16 21:19:57,0.232
2010-07-16 22:30:23,0.247
2010-07-16 23:46:23,0.237
2010-07-17 00:57:50,0.25
2010-07-17 02:01:31,0.232
2010-07-17 03:14:08,0.245
2010-07-17 04:46:53,0.232
2010-07-17 06:00:39,0.248
2010-07-17 07:08:46,0.229
2010-07-17 08:30:25,0.243
2010-07-17 09:35:18,0.24
2010-07-17 11:00:19,0.235
2010-07-17 12:24:15,0.246
2010-07-17 13:29:11,0.252
2010-07-17 14:57:34,0.246
2010-07-17 16:18:16,0.232
2010-07-17 17:50:02,0.25
2010-07-17 19:01:41,0.247
2010-07-17 20:32:25,0.235
2010-07-17 21:40:39,0.249
2010-07-17 22:45:30,0.233
2010-07-18 00:12:35,0.247
2010-07-18 01:35:15,0.231
2010-07-18 02:38:51,0.245
2010-07-18 04:12:42,0.249
2010-07-18 05:15:11,0.231
2010-07-18 06:17:42,0.23
2010-07-18 07:25:53,0.244
2010-07-18 08:39:40,0.25
2010-07-18 09:56:57,0.233
2010-07-18 11:19:48,0.239
2010-07-18 12:31:33,0.242
2010-07-18 13:40:58,0.238
2010-07-18 15:08:23,0.242
2010-07-18 16:15:34,0.229
2010-07-18 17:31:50,0.246
2010-07-18 18:40:10,0.23
2010-07-18 20:03:07,0.248
2010-07-18 21:09:22,0.229
2010-07-18 22:23:22,0.238
2010-07-18 23:43:47,0.248
2010-07-19 00:54:08,0.25
2010-07-19 02:22:22,0.245
2010-07-19 03:29:57,0.231
2010-07-19 04:37:32,0.248
2010-07-19 05:51:46,0.246
2010-07-19 07:11:39,0.241
2010-07-19 08:26:09,0.248
2010-07-19 09:42:49,0.236
2010-07-19 10:52:47,0.251
2010-07-19 12:00:30,0.245
2010-07-19 13:11:37,0.233
2010-07-19 14:19:21,0.25
2010-07-19 15:25:56,0.24
2010-07-19 16:39:05,0.241
2010-07-19 18:17:50,0.228
2010-07-19 19:23:42,0.244
2010-07-19 20:30:50,0.248
2010-07-19 21:39:08,0.232
2010-07-19 22:46:09,0.248
2010-07-19 23:57:36,0.247
2010-07-20 01:20:14,0.234
2010-07-20 02:38:25,0.247
2010-07-20 04:06:32,0.25
2010-07-20 05:33:38,0.233
2010-07-20 06:47:30,0.25
2010-07-20 08:13:47,0.234
2010-07-20 09:35:22,0.25
2010-07-20 10:58:13,0.23
2010-07-20 12:14:17,0.243
2010-07-20 13:44:52,0.231
2010-07-20 14:49:48,0.245
2010-07-20 15:58:07,0.234
2010-07-20 17:16:25,0.242
2010-07-20 18:20:14,0.228
2010-07-20 19:38:23,0.25
2010-07-20 21:05:39,0.237
2010-07-20 22:15:59,0.235
2010-07-20 23:25:10,0.249
2010-07-21 00:36:24,0.244
2010-07-21 01:42:11,0.25
2010-07-21 03:04:39,0.234
2010-07-21 04:25:58,0.251
2010-07-21 05:29:34,0.232
2010-07-21 06:46:34,0.249
2010-07-21 08:00:16,0.234
2010-07-21 09:08:28,0.252
2010-07-21 10:09:55,0.236
2010-07-21 11:27:06,0.252
2010-07-21 12:41:01,0.242
2010-07-21 13:42:32,0.229
2010-07-21 14:48:38,0.252
2010-07-21 16:04:44,0.232
2010-07-21 17:21:51,0.246
2010-07-21 18:32:21,0.247
2010-07-21 19:33:49,0.243
2010-07-21 20:42:07,0.245
2010-07-21 21:55:58,0.23
2010-07-21 23:09:45,0.233
2010-07-22 00:24:38,0.25
2010-07-22 01:39:26,0.233
2010-07-22 02:41:57,0.25
2010-07-22 03:51:15,0.237
2010-07-22 05:06:04,0.25
2010-07-22 06:10:51,0.228
2010-07-22 07:17:57,0.25
2010-07-22 08:20:23,0.231
2010-07-22 09:37:27,0.245
2010-07-22 10:52:20,0.232
2010-07-22 12:05:02,0.247
2010-07-22 13:34:22,0.245
2010-07-22 14:41:27,0.249
2010-07-22 16:07:42,0.228
2010-07-22 17:27:15,0.242
2010-07-22 18:50:04,0.243
2010-07-22 20:13:57,0.241
2010-07-22 21:44:39,0.232
2010-07-22 22:49:24,0.241
2010-07-23 00:10:48,0.246
2010-07-23 01:26:42,0.239
2010-07-23 02:39:20,0.238
2010-07-23 03:58:35,0.241
2010-07-23 04:59:57,0.248
2010-07-23 06:01:21,0.236
2010-07-23 07:29:31,0.25
2010-07-23 08:32:07,0.238
2010-07-23 09:53:36,0.246
2010-07-23 11:06:16,0.23
2010-07-23 12:13:13,0.24
2010-07-23 13:18:06,0.228
2010-07-23 14:48:40,0.229
2010-07-23 16:03:42,0.251
2010-07-23 17:11:17,0.229
2010-07-23 20:13:20,0.245
2010-07-23 21:29:01,0.234
2010-07-23 22:47:59,0.242
2010-07-24 00:07:55,0.249
2010-07-24 01:24:33,0.235
2010-07-24 02:47:56,0.242
2010-07-24 03:53:32,0.228
2010-07-24 04:59:05,0.25
2010-07-24 06:12:24,0.235
2010-07-24 07:23:34,0.25
2010-07-24 08:40:13,0.236
2010-07-24 10:02:31,0.23
2010-07-24 11:28:09,0.249
2010-07-24 12:36:00,0.237
2010-07-24 14:02:49,0.243
2010-07-24 15:35:13,0.249
2010-07-24 17:06:21,0.237
2010-07-24 18:17:39,0.245
2010-07-24 19:35:26,0.233
2010-07-24 20:56:45,0.247
2010-07-24 22:08:57,0.235
2010-07-24 23:20:04,0.24
2010-07-25 00:34:41,0.242
2010-07-25 02:05:55,0.238
2010-07-25 03:19:29,0.243
2010-07-25 04:44:04,0.229
2010-07-25 05:49:45,0.242
2010-07-25 06:56:24,0.251
2010-07-25 08:16:33,0.243
2010-07-25 09:27:46,0.25
2010-07-25 10:33:24,0.233
2010-07-25 11:56:52,0.238
2010-07-25 13:25:46,0.23
2010-07-25 14:34:40,0.248
2010-07-25 15:42:33,0.228
2010-07-25 16:59:14,0.243
2010-07-25 18:23:38,0.244
2010-07-25 19:54:46,0.25
2010-07-25 21:22:35,0.236
2010-07-25 22:34:45,0.25
2010-07-25 23:51:24,0.233
2010-07-26 00:56:54,0.23
2010-07-26 02:01:24,0.239
2010-07-26 03:22:35,0.236
2010-07-26 04:39:23,0.243
2010-07-26 06:12:52,0.233
2010-07-26 07:25:04,0.247
2010-07-26 08:32:46,0.245
2010-07-26 09:40:36,0.23
2010-07-26 10:57:19,0.247
2010-07-26 12:10:41,0.235
2010-07-26 13:19:34,0.231
2010-07-26 14:21:51,0.248
2010-07-26 15:41:49,0.229
2010-07-26 16:50:46,0.246
2010-07-26 18:06:19,0.25
2010-07-26 19:28:28,0.23
2010-07-26 20:43:57,0.245
2010-07-26 22:07:20,0.232
2010-07-26 23:26:19,0.23
2010-07-27 00:50:37,0.24
2010-07-27 02:07:22,0.237
2010-07-27 03:29:41,0.249
2010-07-27 04:49:47,0.244
2010-07-27 06:04:17,0.243
2010-07-27 07:08:46,0.248
2010-07-27 08:09:59,0.233
2010-07-27 09:16:50,0.25
2010-07-27 10:44:45,0.23
2010-07-27 11:55:55,0.243
2010-07-27 13:13:47,0.23
2010-07-27 14:21:45,0.243
2010-07-27 15:28:30,0.237
2010-07-27 16:44:09,0.251
2010-07-27 18:00:54,0.247
2010-07-27 19:13:20,0.249
2010-07-27 20:29:01,0.248
2010-07-27 21:44:37,0.228
2010-07-27 22:58:04,0.245
2010-07-28 00:28:01,0.228
2010-07-28 01:33:33,0.242
2010-07-28 03:03:42,0.244
2010-07-28 04:10:26,0.235
2010-07-28 05:27:16,0.229
2010-07-28 06:52:59,0.248
2010-07-28 08:09:45,0.233
2010-07-28 09:15:17,0.244
2010-07-28 10:38:44,0.229
2010-07-28 11:50:59,0.249
2010-07-28 13:01:13,0.242
2010-07-28 14:07:55,0.23
2010-07-28 15:12:27,0.229
2010-07-28 16:39:09,0.246
2010-07-28 17:53:44,0.239
2010-07-28 19:04:53,0.236
2010-07-28 20:09:25,0.251
2010-07-28 21:21:42,0.239
2010-07-28 22:27:22,0.249
2010-07-28 23:49:34,0.244
2010-07-29 01:15:08,0.228
2010-07-29 02:37:32,0.247
2010-07-29 03:45:30,0.239
2010-07-29 05:03:31,0.247
2010-07-29 06:33:38,0.232
2010-07-29 08:04:50,0.244
2010-07-29 09:19:16,0.229
2010-07-29 10:44:52,0.24
2010-07-29 12:18:23,0.251
2010-07-29 13:33:59,0.237
2010-07-29 14:44:08,0.247
2010-07-29 16:02:06,0.235
2010-07-29 17:05:34,0.229
2010-07-29 18:10:10,0.247
2010-07-29 19:15:51,0.234
2010-07-29 20:29:22,0.251
2010-07-29 21:50:33,0.241
2010-07-29 23:20:40,0.25
2010-07-30 00:51:52,0.245
2010-07-30 02:18:35,0.234
2010-07-30 03:46:33,0.248
2010-07-30 05:00:12,0.247
2010-07-30 06:30:21,0.232
2010-07-30 07:57:14,0.251
2010-07-30 09:14:05,0.233
2010-07-30 10:37:31,0.249
2010-07-30 11:58:48,0.244
2010-07-30 13:09:05,0.243
2010-07-30 14:23:36,0.246
2010-07-30 15:51:34,0.252
2010-07-30 17:20:41,0.233
2010-07-30 18:34:09,0.235
2010-07-30 20:13:08,0.249
2010-07-30 21:31:13,0.231
2010-07-30 22:48:10,0.229
2010-07-31 00:13:49,0.251
2010-07-31 01:35:06,0.245
2010-07-31 03:06:25,0.236
2010-07-31 04:28:52,0.241
2010-07-31 05:43:34,0.243
2010-07-31 07:02:36,0.25
2010-07-31 08:16:01,0.229
2010-07-31 09:27:18,0.245
2010-07-31 10:39:43,0.247
2010-07-31 11:56:28,0.242
2010-07-31 13:08:50,0.24
2010-07-31 14:31:20,0.233
2010-07-31 16:00:23,0.228
2010-07-31 17:02:47,0.244
2010-07-31 18:19:33,0.245
2010-07-31 19:25:16,0.23
2010-07-31 20:45:30,0.251
2010-07-31 21:59:07,0.238
2010-07-31 23:07:01,0.251
2010-08-01 00:27:03,0.232
2010-08-01 01:30:31,0.245
2010-08-01 02:44:07,0.233
2010-08-01 03:55:25,0.244
2010-08-01 04:59:02,0.243
2010-08-01 06:02:36,0.228
2010-08-01 07:24:57,0.249
2010-08-01 08:31:43,0.23
2010-08-01 10:00:48,0.251
2010-08-01 11:23:08,0.233
2010-08-01 12:44:22,0.238
2010-08-01 13:49:03,0.242
2010-08-01 15:22:36,0.229
2010-08-01 16:32:46,0.252
2010-08-01 17:52:54,0.233
2010-08-01 19:18:39,0.248
2010-08-01 20:35:32,0.233
2010-08-01 21:57:59,0.246
2010-08-01 23:21:27,0.229
2010-08-02 00:49:22,0.249
2010-08-02 01:55:06,0.237
2010-08-02 03:06:27,0.251
2010-08-02 04:16:40,0.237
2010-08-02 05:23:33,0.242
2010-08-02 06:41:33,0.244
2010-08-02 08:04:00,0.229
2010-08-02 09:10:52,0.25
2010-08-02 10:26:41,0.241
2010-08-02 11:44:49,0.243
2010-08-02 13:05:04,0.248
2010-08-02 14:15:09,0.233
2010-08-02 15:42:00,0.251
2010-08-02 16:53:19,0.236
2010-08-02 18:11:22,0.231
2010-08-02 19:14:51,0.246
2010-08-02 20:42:47,0.248
2010-08-02 21:51:53,0.242
2010-08-02 23:06:31,0.229
2010-08-03 00:32:21,0.242
2010-08-03 02:03:40,0.252
2010-08-03 03:27:11,0.247
2010-08-03 04:45:13,0.243
2010-08-03 06:13:10,0.234
2010-08-03 07:24:23,0.248
2010-08-03 08:36:52,0.228
2010-08-03 09:54:48,0.237
2010-08-03 11:16:05,0.232
2010-08-03 12:46:22,0.233
2010-08-03 13:58:44,0.251
2010-08-03 15:29:12,0.248
2010-08-03 16:55:00,0.228
2010-08-03 18:23:02,0.247
2010-08-03 19:28:47,0.249
2010-08-03 20:49:03,0.233
2010-08-03 22:02:39,0.241
2010-08-03 23:27:27,0.229
2010-08-04 00:42:05,0.248
2010-08-04 01:44:41,0.245
2010-08-04 03:02:50,0.232
2010-08-04 04:26:32,0.251
2010-08-04 05:29:06,0.248
2010-08-04 06:45:02,0.233
2010-08-04 08:03:09,0.246
2010-08-04 09:30:11,0.251
2010-08-04 10:55:58,0.248
2010-08-04 12:18:32,0.23
2010-08-04 13:45:33,0.247
2010-08-04 15:03:36,0.231
2010-08-04 16:20:33,0.246
2010-08-04 17:53:06,0.228
2010-08-04 19:00:00,0.234
2010-08-04 20:17:05,0.248
2010-08-04 21:44:04,0.233
2010-08-04 23:13:15,0.245
2010-08-05 00:33:27,0.239
2010-08-05 02:01:26,0.24
2010-08-05 03:11:45,0.239
2010-08-05 04:29:53,0.242
2010-08-05 05:44:39,0.231
2010-08-05 07:12:36,0.236
2010-08-05 08:29:30,0.25
2010-08-05 09:55:15,0.248
2010-08-05 11:13:13,0.234
2010-08-05 12:44:38,0.247
2010-08-05 14:12:45,0.232
2010-08-05 15:35:11,0.248
2010-08-05 16:53:13,0.228
2010-08-05 18:11:17,0.251
2010-08-05 19:30:27,0.23
2010-08-05 20:55:16,0.249
2010-08-05 22:24:28,0.246
2010-08-05 23:55:54,0.232
2010-08-06 01:21:36,0.23
2010-08-06 02:27:19,0.244
2010-08-06 03:49:54,0.25
2010-08-06 05:14:43,0.239
2010-08-06 06:40:42,0.245
2010-08-06 08:03:23,0.23
2010-08-06 09:15:52,0.245
2010-08-06 10:30:31,0.247
2010-08-06 11:44:08,0.242
2010-08-06 13:08:48,0.231
2010-08-06 14:16:49,0.248
2010-08-06 15:31:28,0.247
2010-08-06 16:36:12,0.235
2010-08-06 17:46:26,0.232
2010-08-06 19:01:15,0.251
2010-08-06 20:13:47,0.23
2010-08-06 21:34:08,0.251
2010-08-06 22:57:44,0.23
2010-08-07 00:15:45,0.247
2010-08-07 01:43:45,0.23
2010-08-07 03:11:54,0.248
2010-08-07 04:23:21,0.229
2010-08-07 05:27:01,0.25
2010-08-07 06:32:49,0.233
2010-08-07 08:00:59,0.25
2010-08-07 09:02:24,0.23
2010-08-07 10:27:11,0.251
2010-08-07 11:54:14,0.236
2010-08-07 13:13:28,0.231
2010-08-07 14:46:08,0.248
2010-08-07 15:49:37,0.233
2010-08-07 17:15:34,0.237
2010-08-07 18:30:22,0.245
2010-08-07 19:55:14,0.229
2010-08-07 21:20:00,0.246
2010-08-07 22:23:39,0.245
2010-08-07 23:38:27,0.231
2010-08-08 00:50:57,0.251
2010-08-08 01:56:56,0.249
2010-08-08 03:25:13,0.247
2010-08-08 04:33:29,0.23
2010-08-08 05:44:57,0.229
2010-08-08 07:06:30,0.243
2010-08-08 08:31:24,0.252
2010-08-08 09:47:16,0.238
2010-08-08 10:56:26,0.251
2010-08-08 12:03:24,0.249
2010-08-08 13:21:36,0.252
2010-08-08 14:40:53,0.242
2010-08-08 16:19:08,0.244
2010-08-08 17:24:58,0.251
2010-08-08 18:48:40,0.245
2010-08-08 20:06:51,0.23
2010-08-08 21:08:16,0.248
2010-08-08 22:10:48,0.247
2010-08-08 23:32:19,0.234
2010-08-09 00:50:21,0.247
2010-08-09 01:54:06,0.243
2010-08-09 03:24:33,0.247
2010-08-09 04:46:05,0.231
2010-08-09 05:51:59,0.251
2010-08-09 07:11:15,0.249
2010-08-09 08:27:05,0.234
2010-08-09 09:36:20,0.251
2010-08-09 11:06:48,0.249
2010-08-09 12:33:57,0.235
2010-08-09 13:41:03,0.241
2010-08-09 14:53:32,0.237
2010-08-09 16:17:24,0.229
2010-08-09 17:41:17,0.245
2010-08-09 18:57:19,0.232
2010-08-09 20:07:45,0.229
2010-08-09 21:31:37,0.245
2010-08-09 22:58:48,0.229
2010-08-10 00:23:41,0.242
2010-08-10 01:28:29,0.23
2010-08-10 02:59:02,0.243
2010-08-10 04:28:27,0.23
2010-08-10 05:32:07,0.248
2010-08-10 06:51:31,0.241
2010-08-10 08:09:42,0.237
2010-08-10 09:33:31,0.248
2010-08-10 10:57:13,0.229
2010-08-10 12:07:32,0.243
2010-08-10 13:24:40,0.251
2010-08-10 14:39:32,0.229
2010-08-10 15:47:43,0.247
2010-08-10 17:09:16,0.235
2010-08-10 18:20:45,0.252
2010-08-10 19:46:49,0.23
2010-08-10 21:11:47,0.25
2010-08-10 22:35:32,0.235
2010-08-10 23:48:09,0.248
2010-08-11 01:07:23,0.234
2010-08-11 02:16:37,0.247
2010-08-11 03:29:16,0.245
2010-08-11 05:04:13,0.246
2010-08-11 06:11:16,0.229
2010-08-11 07:38:26,0.251
2010-08-11 08:43:10,0.24
2010-08-11 10:15:59,0.251
2010-08-11 11:18:38,0.238
2010-08-11 12:30:14,0.247
2010-08-11 13:48:29,0.232
2010-08-11 15:16:54,0.25
2010-08-11 16:37:33,0.236
2010-08-11 17:50:16,0.251
2010-08-11 19:07:30,0.237
2010-08-11 20:45:57,0.25
2010-08-11 22:15:23,0.235
2010-08-11 23:39:13,0.251
2010-08-12 00:48:30,0.235
2010-08-12 02:22:29,0.252
2010-08-12 03:33:00,0.238
2010-08-12 04:40:15,0.251
2010-08-12 05:49:35,0.241
2010-08-12 06:55:32,0.252
2010-08-12 08:13:55,0.232
2010-08-12 09:46:37,0.246
2010-08-12 10:52:31,0.229
2010-08-12 12:10:48,0.248
2010-08-12 13:39:58,0.245
2010-08-12 15:02:52,0.231
2010-08-12 16:08:49,0.245
2010-08-12 17:10:19,0.23
2010-08-12 18:40:57,0.251
2010-08-12 19:48:08,0.249
2010-08-12 21:08:45,0.236
2010-08-12 22:23:51,0.235
2010-08-12 23:55:34,0.249
2010-08-13 01:27:22,0.237
2010-08-13 02:33:30,0.247
2010-08-13 04:01:53,0.231
2010-08-13 05:18:03,0.252
2010-08-13 06:35:14,0.244
2010-08-13 08:01:26,0.232
2010-08-13 09:11:56,0.249
2010-08-13 10:41:25,0.247
2010-08-13 12:11:59,0.252
2010-08-13 13:42:39,0.237
2010-08-13 15:13:15,0.251
2010-08-13 16:44:56,0.238
2010-08-13 18:08:52,0.249
2010-08-13 19:37:16,0.229
2010-08-13 20:44:21,0.243
2010-08-13 22:02:35,0.231
2010-08-13 23:34:10,0.247
2010-08-14 00:47:54,0.234
2010-08-14 02:14:00,0.232
2010-08-14 03:28:52,0.252
2010-08-14 04:31:39,0.236
2010-08-14 06:03:25,0.247
2010-08-14 07:25:10,0.235
2010-08-14 08:37:59,0.252
2010-08-14 10:05:16,0.251
2010-08-14 11:33:43,0.25
2010-08-14 12:49:44,0.229
2010-08-14 14:09:09,0.246
2010-08-14 15:26:21,0.231
2010-08-14 16:42:28,0.239
2010-08-14 18:09:43,0.248
2010-08-14 19:29:11,0.228
2010-08-14 20:51:58,0.245
2010-08-14 22:02:27,0.231
2010-08-14 23:16:18,0.246
2010-08-15 00:46:52,0.242
2010-08-15 01:51:42,0.249
2010-08-15 03:11:15,0.244
2010-08-15 04:27:22,0.249
2010-08-15 05:36:48,0.25
2010-08-15 06:56:16,0.233
2010-08-15 08:16:53,0.241
2010-08-15 09:35:07,0.235
2010-08-15 11:00:12,0.249
2010-08-15 12:05:04,0.229
2010-08-15 13:08:58,0.248
2010-08-15 14:29:30,0.249
2010-08-15 15:46:49,0.228
2010-08-15 17:10:48,0.242
2010-08-15 18:20:14,0.247
2010-08-15 19:28:30,0.239
2010-08-15 21:00:21,0.231
2010-08-15 22:24:14,0.228
2010-08-15 23:42:35,0.238
2010-08-16 01:11:56,0.243
2010-08-16 02:18:01,0.245
2010-08-16 03:22:54,0.233
2010-08-16 04:42:28,0.247
2010-08-16 05:57:26,0.249
2010-08-16 07:06:51,0.244
2010-08-16 08:25:12,0.247
2010-08-16 09:33:29,0.234
2010-08-16 10:53:57,0.25
2010-08-16 12:11:16,0.229
2010-08-16 13:40:43,0.248
2010-08-16 14:49:03,0.239
2010-08-16 16:14:12,0.252
2010-08-16 17:31:31,0.232
2010-08-16 18:39:49,0.246
2010-08-16 19:52:40,0.249
2010-08-16 20:59:51,0.236
2010-08-16 22:16:01,0.233
2010-08-16 23:41:02,0.241
2010-08-17 00:59:17,0.229
2010-08-17 02:23:20,0.246
2010-08-17 03:48:32,0.23
2010-08-17 05:11:40,0.25
2010-08-17 06:42:29,0.232
2010-08-17 08:03:12,0.25
2010-08-17 09:28:21,0.251
2010-08-17 10:36:48,0.23
2010-08-17 11:59:36,0.242
2010-08-17 13:21:23,0.23
2010-08-17 14:34:14,0.243
2010-08-17 15:54:59,0.232
2010-08-17 17:08:55,0.249
2010-08-17 18:18:27,0.235
2010-08-17 19:45:53,0.248
2010-08-17 20:59:46,0.229
2010-08-17 22:07:05,0.248
2010-08-17 23:10:59,0.23
2010-08-18 00:13:46,0.233
2010-08-18 01:26:34,0.25
2010-08-18 02:32:37,0.24
2010-08-18 03:45:25,0.228
2010-08-18 05:06:09,0.246
2010-08-18 06:14:38,0.234
2010-08-18 07:27:27,0.24
2010-08-18 08:55:53,0.247
2010-08-18 10:13:07,0.246
2010-08-18 11:39:20,0.229
2010-08-18 13:02:14,0.24
2010-08-18 14:16:11,0.229
2010-08-18 15:23:26,0.25
2010-08-18 16:46:26,0.241
2010-08-18 17:59:24,0.228
2010-08-18 19:18:58,0.247
2010-08-18 20:22:56,0.229
2010-08-18 21:41:24,0.24
2010-08-18 22:47:36,0.244
2010-08-19 00:00:32,0.237
2010-08-19 01:13:23,0.247
2010-08-19 02:41:04,0.248
2010-08-19 03:57:27,0.232
2010-08-19 05:03:45,0.236
2010-08-19 06:15:35,0.249
2010-08-19 07:22:59,0.229
2010-08-19 08:24:50,0.242
2010-08-19 09:40:03,0.251
2010-08-19 11:00:52,0.245
2010-08-19 12:25:06,0.231
2010-08-19 13:47:07,0.248
2010-08-19 14:57:50,0.236
2010-08-19 16:24:25,0.244
2010-08-19 17:54:23,0.231
2010-08-19 19:22:01,0.23
2010-08-19 20:32:46,0.241
2010-08-19 21:36:47,0.231
2010-08-19 22:59:51,0.25
2010-08-20 00:09:24,0.231
2010-08-20 01:12:16,0.244
2010-08-20 02:33:15,0.249
2010-08-20 03:57:38,0.238
2010-08-20 05:00:40,0.251
2010-08-20 06:26:08,0.245
2010-08-20 07:30:05,0.234
2010-08-20 08:40:50,0.231
2010-08-20 09:44:54,0.246
2010-08-20 10:57:53,0.232
2010-08-20 12:16:35,0.251
2010-08-20 13:47:37,0.229
2010-08-20 15:05:14,0.248
2010-08-20 16:28:23,0.243
2010-08-20 17:45:57,0.23
2010-08-20 19:14:47,0.251
2010-08-20 20:42:29,0.239
2010-08-20 22:04:30,0.237
2010-08-20 23:17:34,0.251
2010-08-21 00:45:07,0.236
2010-08-21 02:10:35,0.244
2010-08-21 03:22:33,0.236
2010-08-21 04:33:20,0.251
2010-08-21 05:44:04,0.235
2010-08-21 07:10:30,0.233
2010-08-21 08:22:22,0.251
2010-08-21 09:38:48,0.231
2010-08-21 11:03:04,0.247
2010-08-21 12:11:29,0.249
2010-08-21 13:32:24,0.237
2010-08-21 14:45:25,0.249
2010-08-21 16:01:48,0.243
2010-08-21 17:22:44,0.23
2010-08-21 18:40:16,0.246
2010-08-21 20:09:03,0.243
2010-08-21 21:25:27,0.231
2010-08-21 22:38:32,0.242
2010-08-22 00:06:06,0.245
2010-08-22 01:28:06,0.231
2010-08-22 02:43:28,0.235
2010-08-22 04:06:45,0.248
2010-08-22 05:32:16,0.233
2010-08-22 06:45:23,0.237
2010-08-22 07:56:09,0.25
2010-08-22 09:04:36,0.245
2010-08-22 10:30:06,0.238
2010-08-22 12:01:08,0.249
2010-08-22 13:11:57,0.238
2010-08-22 14:31:44,0.245
2010-08-22 15:41:32,0.249
2010-08-22 16:47:53,0.232
2010-08-22 18:22:22,0.23
2010-08-22 19:52:22,0.233
2010-08-22 21:08:55,0.245
2010-08-22 22:15:18,0.233
2010-08-22 23:42:56,0.247
2010-08-23 01:01:34,0.235
2010-08-23 02:21:29,0.248
2010-08-23 03:34:39,0.241
2010-08-23 04:39:50,0.251
2010-08-23 05:41:44,0.235
2010-08-23 06:43:36,0.23
2010-08-23 07:52:11,0.244
2010-08-23 09:17:33,0.238
2010-08-23 10:37:24,0.251
2010-08-23 11:59:28,0.229
2010-08-23 13:29:30,0.241
2010-08-23 14:49:15,0.251
2010-08-23 16:15:52,0.238
2010-08-23 17:27:54,0.251
2010-08-23 18:56:48,0.229
2010-08-23 20:21:15,0.239
2010-08-23 21:34:22,0.252
2010-08-23 23:03:09,0.235
2010-08-24 00:16:13,0.241
2010-08-24 01:42:48,0.244
2010-08-24 02:54:50,0.231
2010-08-24 04:08:02,0.25
2010-08-24 05:21:10,0.234
2010-08-24 06:52:19,0.248
2010-08-24 08:06:36,0.236
2010-08-24 09:09:41,0.238
2010-08-24 10:16:12,0.243
2010-08-24 11:47:17,0.229
2010-08-24 13:13:49,0.243
2010-08-24 14:48:17,0.248
2010-08-24 16:11:28,0.234
2010-08-24 17:27:59,0.232
2010-08-24 18:59:08,0.249
2010-08-24 20:19:02,0.233
2010-08-24 21:21:59,0.247
2010-08-24 22:49:41,0.241
2010-08-25 00:09:27,0.24
2010-08-25 01:37:14,0.249
2010-08-25 03:07:14,0.235
2010-08-25 04:22:37,0.229
2010-08-25 05:48:09,0.248
2010-08-25 07:12:33,0.233
2010-08-25 08:41:29,0.249
2010-08-25 10:03:38,0.251
2010-08-25 11:14:33,0.243
2010-08-25 12:35:34,0.228
2010-08-25 13:42:00,0.246
2010-08-25 15:12:08,0.232
2010-08-25 16:29:45,0.231
2010-08-25 17:41:46,0.247
2010-08-25 19:02:46,0.234
2010-08-25 20:14:45,0.229
2010-08-25 21:35:52,0.23
2010-08-25 22:40:09,0.244
2010-08-26 00:08:58,0.233
2010-08-26 01:32:19,0.231
2010-08-26 02:45:36,0.243
2010-08-26 03:56:35,0.231
2010-08-26 05:07:31,0.244
2010-08-26 06:14:08,0.243
2010-08-26 07:28:31,0.249
2010-08-26 08:54:08,0.247
2010-08-26 09:59:29,0.237
2010-08-26 11:19:32,0.234
2010-08-26 12:30:26,0.247
2010-08-26 13:34:42,0.23
2010-08-26 14:59:14,0.247
2010-08-26 16:29:25,0.23
2010-08-26 17:51:42,0.249
2010-08-26 19:05:05,0.234
2010-08-26 20:14:53,0.249
2010-08-26 21:19:17,0.242
2010-08-26 22:34:59,0.23
2010-08-26 23:37:06,0.249
2010-08-27 00:55:03,0.229
2010-08-27 02:08:22,0.242
2010-08-27 03:29:39,0.245
2010-08-27 04:42:57,0.228
2010-08-27 06:08:50,0.243
2010-08-27 07:19:56,0.252
2010-08-27 08:31:06,0.238
2010-08-27 09:42:14,0.241
2010-08-27 11:11:23,0.25
2010-08-27 12:41:37,0.236
2010-08-27 13:50:27,0.251
2010-08-27 15:00:29,0.238
2010-08-27 16:16:07,0.245
2010-08-27 17:31:46,0.228
2010-08-27 18:42:52,0.245
2010-08-27 20:07:32,0.231
2010-08-27 21:33:24,0.244
2010-08-27 22:40:03,0.229
2010-08-28 00:10:19,0.247
2010-08-28 01:36:07,0.232
2010-08-28 02:37:09,0.25
2010-08-28 03:39:16,0.233
2010-08-28 04:43:42,0.247
2010-08-28 06:00:40,0.235
2010-08-28 07:10:46,0.232
2010-08-28 08:40:00,0.24
2010-08-28 09:53:30,0.249
2010-08-28 11:20:31,0.251
2010-08-28 12:39:39,0.233
2010-08-28 13:56:31,0.241
2010-08-28 15:24:41,0.228
2010-08-28 16:31:15,0.246
2010-08-28 17:57:11,0.236
2010-08-28 19:07:18,0.233
2010-08-28 20:15:03,0.249
2010-08-28 21:26:07,0.244
2010-08-28 22:54:19,0.248
2010-08-29 00:14:26,0.232
2010-08-29 01:17:44,0.242
2010-08-29 02:21:01,0.231
2010-08-29 03:43:39,0.232
2010-08-29 05:04:59,0.252
2010-08-29 06:25:04,0.243
2010-08-29 07:57:48,0.23
2010-08-29 09:03:18,0.231
2010-08-29 10:05:23,0.236
2010-08-29 11:20:00,0.246
2010-08-29 12:43:38,0.231
2010-08-29 13:49:12,0.248
2010-08-29 15:01:29,0.251
2010-08-29 16:23:53,0.235
2010-08-29 17:46:22,0.233
2010-08-29 19:13:21,0.24
2010-08-29 20:21:11,0.247
2010-08-29 21:33:28,0.248
2010-08-29 22:35:35,0.234
2010-08-30 00:02:37,0.252
2010-08-30 01:20:35,0.239
2010-08-30 02:26:07,0.25
2010-08-30 03:47:31,0.233
2010-08-30 05:16:53,0.24
2010-08-30 06:22:35,0.252
2010-08-30 07:27:01,0.248
2010-08-30 08:39:22,0.231
2010-08-30 09:46:05,0.249
2010-08-30 11:09:41,0.231
2010-08-30 12:24:10,0.248
2010-08-30 13:53:34,0.235
2010-08-30 14:57:58,0.237
2010-08-30 16:06:57,0.229
2010-08-30 17:29:29,0.247
2010-08-30 18:55:24,0.233
2010-08-30 20:09:54,0.25
2010-08-30 21:37:01,0.236
2010-08-30 23:08:32,0.251
2010-08-31 00:36:38,0.235
2010-08-31 01:55:40,0.249
2010-08-31 03:00:10,0.231
2010-08-31 04:10:22,0.249
2010-08-31 05:26:12,0.232
2010-08-31 06:36:27,0.246
2010-08-31 08:03:34,0.23
2010-08-31 09:05:49,0.249
2010-08-31 10:12:33,0.231
2010-08-31 11:40:47,0.25
2010-08-31 13:11:12,0.229
2010-08-31 14:37:09,0.247
2010-08-31 15:53:59,0.248
2010-08-31 17:20:06,0.251
2010-08-31 18:38:07,0.229
2010-08-31 19:49:22,0.251
2010-08-31 20:51:37,0.234
2010-08-31 22:07:19,0.249
2010-08-31 23:12:55,0.233
2010-09-01 00:26:24,0.229
2010-09-01 01:46:38,0.251
2010-09-01 03:16:00,0.234
2010-09-01 04:20:32,0.249
2010-09-01 05:52:11,0.231
2010-09-01 07:16:00,0.25
2010-09-01 08:41:58,0.233
2010-09-01 09:52:13,0.249
2010-09-01 11:22:55,0.232
2010-09-01 12:33:08,0.235
2010-09-01 13:53:30,0.249
2010-09-01 15:05:57,0.232
2010-09-01 16:34:08,0.234
2010-09-01 17:55:37,0.233
2010-09-01 19:00:16,0.251
2010-09-01 20:18:27,0.238
2010-09-01 21:48:04,0.237
2010-09-01 23:07:28,0.242
2010-09-02 00:27:56,0.238
2010-09-02 01:42:36,0.241
2010-09-02 03:11:06,0.252
2010-09-02 04:33:45,0.235
2010-09-02 06:01:04,0.248
2010-09-02 07:27:10,0.232
2010-09-02 08:56:32,0.237
2010-09-02 10:27:11,0.251
2010-09-02 11:30:43,0.233
2010-09-02 12:49:51,0.239
2010-09-02 14:05:47,0.244
2010-09-02 15:23:54,0.235
2010-09-02 16:38:39,0.251
2010-09-02 17:54:33,0.233
2010-09-02 19:05:50,0.229
2010-09-02 20:10:29,0.245
2010-09-02 21:29:44,0.228
2010-09-02 22:34:16,0.249
2010-09-02 23:49:00,0.233
2010-09-03 00:55:38,0.251
2010-09-03 02:20:16,0.238
2010-09-03 03:49:46,0.234
2010-09-03 04:55:22,0.245
2010-09-03 06:03:05,0.242
2010-09-03 07:11:10,0.249
2010-09-03 08:23:42,0.23
2010-09-03 09:48:35,0.246
2010-09-03 10:55:29,0.23
2010-09-03 11:56:34,0.247
2010-09-03 13:08:55,0.233
2010-09-03 14:35:57,0.246
2010-09-03 15:36:57,0.249
2010-09-03 16:37:58,0.237
2010-09-03 17:48:06,0.251
2010-09-03 19:10:32,0.238
2010-09-03 20:39:51,0.251
2010-09-03 21:40:50,0.229
2010-09-03 23:13:32,0.246
2010-09-04 00:15:45,0.229
2010-09-04 01:36:11,0.244
2010-09-04 02:55:27,0.246
2010-09-04 04:10:26,0.232
2010-09-04 05:37:39,0.251
2010-09-04 06:43:16,0.229
2010-09-04 08:02:24,0.243
2010-09-04 09:22:42,0.24
2010-09-04 10:55:22,0.228
2010-09-04 12:06:34,0.242
2010-09-04 13:15:35,0.229
2010-09-04 14:40:37,0.242
2010-09-04 15:47:21,0.23
2010-09-04 17:18:47,0.243
2010-09-04 18:34:26,0.23
2010-09-04 19:39:48,0.234
2010-09-04 21:09:03,0.247
2010-09-04 22:39:22,0.249
2010-09-04 23:42:35,0.246
2010-09-05 01:09:19,0.233
2010-09-05 02:39:26,0.246
2010-09-05 03:47:13,0.234
2010-09-05 05:16:27,0.248
2010-09-05 06:35:31,0.233
2010-09-05 07:56:49,0.251
2010-09-05 09:16:58,0.236
2010-09-05 10:47:17,0.252
2010-09-05 11:53:57,0.243
2010-09-05 13:14:07,0.237
2010-09-05 14:24:04,0.238
2010-09-05 15:45:16,0.249
2010-09-05 17:12:13,0.234
2010-09-05 18:19:53,0.242
2010-09-05 19:49:57,0.24
2010-09-05 21:08:59,0.229
2010-09-05 22:16:44,0.247
2010-09-05 23:34:39,0.229
2010-09-06 00:58:04,0.231
2010-09-06 02:04:46,0.246
2010-09-06 03:16:56,0.232
2010-09-06 04:40:28,0.246
2010-09-06 06:08:31,0.234
2010-09-06 07:30:50,0.251
2010-09-06 08:38:36,0.238
2010-09-06 09:54:14,0.247
2010-09-06 11:22:10,0.251
2010-09-06 12:37:53,0.246
2010-09-06 13:52:25,0.231
2010-09-06 15:15:51,0.229
2010-09-06 16:21:22,0.242
2010-09-06 17:30:10,0.229
2010-09-06 18:31:12,0.246
2010-09-06 19:50:06,0.252
2010-09-06 20:57:48,0.251
2010-09-06 22:11:10,0.249
2010-09-06 23:26:50,0.231
2010-09-07 00:45:45,0.249
2010-09-07 02:13:48,0.235
2010-09-07 03:40:46,0.25
2010-09-07 05:02:16,0.238
2010-09-07 06:31:32,0.251
2010-09-07 07:53:54,0.237
2010-09-07 09:17:31,0.25
2010-09-07 10:37:40,0.238
2010-09-07 12:01:17,0.241
2010-09-07 13:31:32,0.25
2010-09-07 14:43:49,0.234
2010-09-07 16:09:38,0.245
2010-09-07 17:11:44,0.246
2010-09-07 18:42:04,0.232
2010-09-07 20:13:41,0.244
2010-09-07 21:39:29,0.251
2010-09-07 22:43:57,0.232
2010-09-08 00:12:04,0.229
2010-09-08 01:21:08,0.245
2010-09-08 02:32:24,0.239
2010-09-08 04:02:53,0.243
2010-09-08 05:17:16,0.229
2010-09-08 06:36:26,0.242
2010-09-08 07:46:26,0.248
2010-09-08 09:07:38,0.239
2010-09-08 10:14:20,0.238
2010-09-08 11:20:58,0.244
2010-09-08 12:28:44,0.229
2010-09-08 13:51:18,0.228
2010-09-08 14:54:33,0.246
2010-09-08 16:18:13,0.229
2010-09-08 17:27:10,0.25
2010-09-08 18:55:21,0.244
2010-09-08 20:24:40,0.23
2010-09-08 21:39:16,0.248
2010-09-08 22:57:17,0.228
2010-09-09 00:14:16,0.23
2010-09-09 01:44:54,0.249
2010-09-09 02:56:19,0.237
2010-09-09 04:31:16,0.252
2010-09-09 05:57:11,0.249
2010-09-09 07:10:28,0.228
2010-09-09 08:32:52,0.251
2010-09-09 10:02:19,0.239
2010-09-09 11:20:10,0.247
2010-09-09 12:41:37,0.251
2010-09-09 14:00:49,0.243
2010-09-09 15:20:58,0.229
2010-09-09 16:53:00,0.245
2010-09-09 18:09:52,0.232
2010-09-09 19:20:58,0.245
2010-09-09 20:28:45,0.248
2010-09-09 21:50:15,0.229
2010-09-09 23:09:23,0.251
2010-09-10 00:34:30,0.24
2010-09-10 01:51:18,0.238
2010-09-10 03:01:19,0.235
2010-09-10 04:27:24,0.251
2010-09-10 05:28:21,0.229
2010-09-10 06:30:13,0.247
2010-09-10 07:39:01,0.233
2010-09-10 09:08:10,0.251
2010-09-10 10:29:14,0.228
2010-09-10 11:51:54,0.247
2010-09-10 12:56:11,0.234
2010-09-10 14:09:42,0.248
2010-09-10 15:24:19,0.244
2010-09-10 16:33:13,0.252
2010-09-10 17:42:05,0.237
2010-09-10 18:52:03,0.25
2010-09-10 20:21:32,0.23
2010-09-10 21:46:30,0.248
2010-09-10 22:48:32,0.245
2010-09-10 23:56:20,0.229
2010-09-11 01:12:04,0.245
2010-09-11 02:26:41,0.244
2010-09-11 03:40:18,0.231
2010-09-11 04:58:20,0.25
2010-09-11 06:21:01,0.236
2010-09-11 07:34:34,0.251
2010-09-11 08:51:27,0.234
2010-09-11 10:03:51,0.251
2010-09-11 11:34:34,0.235
2010-09-11 12:37:30,0.25
2010-09-11 13:58:53,0.231
2010-09-11 15:26:06,0.251
2010-09-11 16:48:39,0.236
2010-09-11 18:12:20,0.229
2010-09-11 19:32:40,0.233
2010-09-11 20:43:50,0.246
2010-09-11 21:58:32,0.228
2010-09-11 23:02:48,0.248
2010-09-12 00:15:04,0.23
2010-09-12 01:33:09,0.252
2010-09-12 02:34:06,0.239
2010-09-12 04:04:57,0.247
2010-09-12 05:16:13,0.231
2010-09-12 06:18:22,0.244
2010-09-12 07:28:18,0.246
2010-09-12 08:43:01,0.245
2010-09-12 10:04:30,0.243
2010-09-12 11:27:07,0.231
2010-09-12 12:43:02,0.247
2010-09-12 13:51:56,0.249
2010-09-12 15:06:29,0.244
2010-09-12 16:22:16,0.232
2010-09-12 17:28:50,0.243
2010-09-12 18:32:01,0.229
2010-09-12 19:51:19,0.248
2010-09-12 21:10:42,0.234
2010-09-12 22:33:35,0.241
2010-09-12 23:48:29,0.228
2010-09-13 00:56:27,0.241
2010-09-13 02:03:02,0.239
2010-09-13 03:23:38,0.244
2010-09-13 04:52:07,0.231
2010-09-13 06:00:02,0.245
2010-09-13 07:05:31,0.233
2010-09-13 08:29:22,0.248
2010-09-13 09:56:34,0.231
2010-09-13 11:13:23,0.245
2010-09-13 12:31:27,0.25
2010-09-13 13:35:50,0.246
2010-09-13 14:55:03,0.234
2010-09-13 16:14:17,0.247
2010-09-13 17:32:20,0.232
2010-09-13 19:01:53,0.247
2010-09-13 20:18:54,0.234
2010-09-13 21:29:03,0.236
2010-09-13 22:55:20,0.229
2010-09-14 00:05:29,0.245
2010-09-14 01:32:54,0.25
2010-09-14 02:59:04,0.246
2010-09-14 04:21:56,0.245
2010-09-14 05:24:13,0.23
2010-09-14 06:34:17,0.251
2010-09-14 07:48:02,0.244
2010-09-14 08:57:05,0.229
2010-09-14 10:07:22,0.251
2010-09-14 11:09:31,0.238
2010-09-14 12:46:14,0.251
2010-09-14 14:10:26,0.238
2010-09-14 15:25:13,0.241
2010-09-14 16:41:07,0.229
2010-09-14 17:48:48,0.247
2010-09-14 18:57:55,0.232
2010-09-14 20:08:02,0.242
2010-09-14 21:14:48,0.252
2010-09-14 22:26:07,0.25
2010-09-14 23:42:05,0.23
2010-09-15 00:55:47,0.25
2010-09-15 02:00:10,0.242
2010-09-15 03:01:13,0.251
2010-09-15 04:16:11,0.249
2010-09-15 05:24:17,0.229
2010-09-15 06:55:24,0.243
2010-09-15 08:15:02,0.24
2010-09-15 09:21:36,0.228
2010-09-15 10:39:51,0.25
2010-09-15 11:46:35,0.241
2010-09-15 12:48:41,0.232
2010-09-15 14:10:27,0.25
2010-09-15 15:38:02,0.236
2010-09-15 16:56:10,0.25
2010-09-15 18:02:59,0.252
2010-09-15 19:08:34,0.239
2010-09-15 20:10:44,0.248
2010-09-15 21:16:19,0.233
2010-09-15 22:38:07,0.25
2010-09-16 00:04:38,0.234
2010-09-16 01:33:17,0.25
2010-09-16 02:58:28,0.234
2010-09-16 04:15:31,0.241
2010-09-16 05:31:30,0.233
2010-09-16 06:50:57,0.248
2010-09-16 08:02:24,0.232
2010-09-16 09:36:55,0.238
2010-09-16 10:49:30,0.231
2010-09-16 12:10:13,0.25
2010-09-16 13:28:30,0.237
2010-09-16 14:34:07,0.244
2010-09-16 15:47:38,0.23
2010-09-16 16:51:01,0.25
2010-09-16 18:08:06,0.234
2010-09-16 19:18:29,0.251
2010-09-16 20:28:45,0.236
2010-09-16 21:46:01,0.247
2010-09-16 23:16:01,0.235
2010-09-17 00:43:28,0.25
2010-09-17 01:45:42,0.231
2010-09-17 03:15:30,0.247
2010-09-17 04:24:40,0.229
2010-09-17 05:48:42,0.25
2010-09-17 07:00:10,0.229
2010-09-17 08:25:23,0.249
2010-09-17 09:31:15,0.228
2010-09-17 10:46:16,0.242
2010-09-17 12:12:38,0.248
2010-09-17 13:21:39,0.231
2010-09-17 14:22:41,0.241
2010-09-17 15:27:17,0.233
2010-09-17 16:36:29,0.236
2010-09-17 17:55:56,0.251
2010-09-17 19:07:20,0.244
2010-09-17 20:28:01,0.229
2010-09-17 22:00:25,0.239
2010-09-17 23:04:56,0.245
2010-09-18 00:31:19,0.23
2010-09-18 01:55:25,0.232
2010-09-18 03:09:14,0.243
2010-09-18 04:10:32,0.251
2010-09-18 05:14:04,0.232
2010-09-18 06:22:09,0.249
2010-09-18 07:41:46,0.243
2010-09-18 08:50:54,0.247
2010-09-18 10:23:12,0.235
2010-09-18 11:57:44,0.238
2010-09-18 13:10:29,0.248
2010-09-18 14:31:17,0.229
2010-09-18 15:42:47,0.23
2010-09-18 16:50:52,0.244
2010-09-18 17:56:36,0.228
2010-09-18 19:00:03,0.241
2010-09-18 20:19:41,0.238
2010-09-18 21:37:01,0.246
2010-09-18 22:41:35,0.231
2010-09-18 23:48:29,0.246
2010-09-19 00:58:57,0.229
2010-09-19 02:18:28,0.246
2010-09-19 03:33:27,0.249
2010-09-19 04:58:45,0.247
2010-09-19 06:07:59,0.229
2010-09-19 07:25:19,0.25
2010-09-19 08:27:36,0.235
2010-09-19 09:33:25,0.251
2010-09-19 10:57:40,0.231
2010-09-19 12:09:19,0.246
2010-09-19 13:38:08,0.232
2010-09-19 14:50:45,0.247
2010-09-19 16:05:42,0.235
2010-09-19 17:28:39,0.248
2010-09-19 18:56:11,0.233
2010-09-19 19:58:25,0.249
2010-09-19 21:23:40,0.228
2010-09-19 22:25:51,0.247
2010-09-19 23:54:22,0.249
2010-09-20 01:20:53,0.235
2010-09-20 02:32:23,0.252
2010-09-20 03:46:13,0.237
2010-09-20 04:56:35,0.25
2010-09-20 06:25:29,0.239
2010-09-20 07:30:15,0.232
2010-09-20 08:40:32,0.251
2010-09-20 09:50:43,0.247
2010-09-20 11:01:04,0.234
2010-09-20 12:06:48,0.247
2010-09-20 13:35:33,0.232
2010-09-20 14:55:02,0.248
2010-09-20 16:23:48,0.232
2010-09-20 17:49:04,0.251
2010-09-20 19:01:34,0.234
2010-09-20 20:36:05,0.248
2010-09-20 21:38:13,0.236
2010-09-20 23:16:14,0.25
2010-09-21 00:32:25,0.241
2010-09-21 01:40:27,0.238
2010-09-21 02:52:02,0.25
2010-09-21 04:12:46,0.235
2010-09-21 05:25:30,0.251
2010-09-21 06:56:47,0.243
2010-09-21 08:20:55,0.229
2010-09-21 09:32:28,0.23
2010-09-21 10:54:22,0.24
2010-09-21 12:16:13,0.242
2010-09-21 13:17:26,0.243
2010-09-21 14:52:03,0.228
2010-09-21 16:15:11,0.242
2010-09-21 17:49:44,0.249
2010-09-21 18:56:34,0.243
2010-09-21 20:16:10,0.23
2010-09-21 21:41:39,0.25
2010-09-21 22:56:43,0.243
2010-09-22 00:24:24,0.248
2010-09-22 01:41:44,0.246
2010-09-22 02:56:38,0.231
2010-09-22 04:25:31,0.248
2010-09-22 05:34:48,0.229
2010-09-22 06:56:38,0.245
2010-09-22 08:23:14,0.238
2010-09-22 09:41:44,0.25
2010-09-22 10:54:24,0.246
2010-09-22 12:09:38,0.242
2010-09-22 13:30:23,0.236
2010-09-22 14:47:46,0.251
2010-09-22 16:02:44,0.23
2010-09-22 17:28:05,0.245
2010-09-22 18:34:58,0.233
2010-09-22 19:45:23,0.249
2010-09-22 20:47:44,0.25
2010-09-22 22:07:33,0.233
2010-09-22 23:34:23,0.247
2010-09-23 00:58:44,0.249
2010-09-23 02:29:00,0.237
2010-09-23 03:35:03,0.244
2010-09-23 04:50:22,0.232
2010-09-23 05:52:55,0.248
2010-09-23 07:01:13,0.238
2010-09-23 08:11:39,0.243
2010-09-23 09:32:27,0.245
2010-09-23 10:49:42,0.23
2010-09-23 12:01:16,0.25
2010-09-23 13:18:38,0.234
2010-09-23 14:50:59,0.252
2010-09-23 16:03:34,0.239
2010-09-23 17:39:21,0.249
2010-09-23 18:41:41,0.23
2010-09-23 20:04:45,0.231
2010-09-23 21:24:21,0.24
2010-09-23 22:42:48,0.25
2010-09-23 23:54:15,0.231
2010-09-24 01:04:39,0.247
2010-09-24 02:28:53,0.248
2010-09-24 03:49:46,0.233
2010-09-24 05:19:42,0.247
2010-09-24 06:37:00,0.23
2010-09-24 08:07:05,0.246
2010-09-24 09:38:11,0.241
2010-09-24 10:56:43,0.238
2010-09-24 12:04:45,0.243
2010-09-24 13:32:25,0.229
2010-09-24 15:02:22,0.245
2010-09-24 16:24:19,0.24
2010-09-24 17:46:17,0.247
2010-09-24 19:00:06,0.235
2010-09-24 20:18:35,0.249
2010-09-24 21:35:56,0.246
2010-09-24 23:04:15,0.233
2010-09-25 00:09:38,0.244
2010-09-25 01:16:37,0.229
2010-09-25 02:35:47,0.241
2010-09-25 03:42:20,0.24
2010-09-25 04:46:29,0.23
2010-09-25 06:10:07,0.236
2010-09-25 07:20:46,0.249
2010-09-25 08:30:27,0.236
2010-09-25 09:58:28,0.252
2010-09-25 11:26:29,0.239
2010-09-25 12:44:12,0.238
2010-09-25 13:49:19,0.251
2010-09-25 15:06:59,0.229
2010-09-25 16:36:08,0.239
2010-09-25 17:48:05,0.244
2010-09-25 19:16:05,0.236
2010-09-25 20:21:05,0.24
2010-09-25 21:46:43,0.242
2010-09-25 23:17:08,0.243
2010-09-26 00:37:05,0.238
2010-09-26 02:04:13,0.251
2010-09-26 03:27:35,0.237
2010-09-26 04:41:58,0.238
2010-09-26 05:54:01,0.246
2010-09-26 07:12:49,0.24
2010-09-26 08:28:23,0.234
2010-09-26 09:50:48,0.249
2010-09-26 11:09:48,0.241
2010-09-26 12:27:29,0.242
2010-09-26 13:52:09,0.233
2010-09-26 15:04:09,0.242
2010-09-26 16:05:50,0.237
2010-09-26 17:08:44,0.231
2010-09-26 18:23:05,0.251
2010-09-26 19:31:39,0.229
2010-09-26 20:52:54,0.245
2010-09-26 22:00:22,0.235
2010-09-26 23:21:30,0.229
2010-09-27 00:40:17,0.252
2010-09-27 01:56:53,0.238
2010-09-27 03:11:16,0.251
2010-09-27 04:43:53,0.228
2010-09-27 06:14:14,0.237
2010-09-27 07:33:17,0.247
2010-09-27 08:52:06,0.23
2010-09-27 10:21:11,0.248
2010-09-27 11:42:22,0.238
2010-09-27 13:02:28,0.237
2010-09-27 14:30:30,0.236
2010-09-27 15:49:30,0.235
2010-09-27 17:14:12,0.249
2010-09-27 18:23:56,0.239
2010-09-27 19:48:33,0.252
2010-09-27 21:07:35,0.232
2010-09-27 22:13:05,0.251
2010-09-27 23:17:20,0.234
2010-09-28 00:30:38,0.239
2010-09-28 01:46:25,0.251
2010-09-28 03:11:17,0.234
2010-09-28 04:25:37,0.247
2010-09-28 05:30:46,0.231
2010-09-28 06:33:39,0.252
2010-09-28 07:58:27,0.243
2010-09-28 09:04:55,0.238
2010-09-28 10:21:51,0.251
2010-09-28 11:45:31,0.234
2010-09-28 13:08:11,0.25
2010-09-28 14:20:29,0.237
2010-09-28 15:30:18,0.24
2010-09-28 16:47:12,0.234
2010-09-28 18:04:56,0.249
2010-09-28 19:07:54,0.23
2010-09-28 20:21:07,0.248
2010-09-28 21:36:36,0.233
2010-09-28 22:41:51,0.238
2010-09-29 00:10:53,0.243
2010-09-29 01:37:52,0.247
2010-09-29 03:12:46,0.238
2010-09-29 04:22:39,0.251
2010-09-29 05:32:25,0.237
2010-09-29 06:55:02,0.228
2010-09-29 08:05:54,0.249
2010-09-29 09:37:37,0.251
2010-09-29 10:59:58,0.241
2010-09-29 12:14:34,0.245
2010-09-29 13:20:56,0.241
2010-09-29 14:33:00,0.24
2010-09-29 15:58:55,0.231
2010-09-29 17:30:32,0.244
2010-09-29 19:03:05,0.232
2010-09-29 20:22:07,0.235
2010-09-29 21:29:32,0.238
2010-09-29 22:58:46,0.251
2010-09-30 00:14:15,0.235
2010-09-30 01:22:57,0.248
2010-09-30 02:30:33,0.23
2010-09-30 03:49:37,0.25
2010-09-30 04:51:23,0.229
2010-09-30 06:06:58,0.238
2010-09-30 07:32:46,0.247
2010-09-30 09:01:53,0.23
2010-09-30 10:27:51,0.238
2010-09-30 11:45:46,0.247
2010-09-30 13:13:56,0.231
2010-09-30 14:42:11,0.245
2010-09-30 15:57:41,0.228
2010-09-30 17:27:04,0.241
2010-09-30 18:47:19,0.232
2010-09-30 20:08:42,0.249
2010-09-30 21:33:29,0.233
2010-09-30 23:01:33,0.252
2010-10-01 00:07:56,0.236
2010-10-01 01:18:50,0.239
2010-10-01 02:39:07,0.228
2010-10-01 04:08:32,0.234
2010-10-01 05:19:34,0.233
2010-10-01 06:43:13,0.237
2010-10-01 08:09:10,0.228
2010-10-01 09:33:57,0.247
2010-10-01 10:59:55,0.228
2010-10-01 12:25:51,0.229
2010-10-01 13:50:41,0.249
2010-10-01 15:18:50,0.232
2010-10-01 16:43:35,0.244
2010-10-01 17:45:25,0.238
2010-10-01 18:53:08,0.235
2010-10-01 20:20:05,0.249
2010-10-01 21:39:05,0.238
2010-10-01 22:49:05,0.24
2010-10-02 00:19:34,0.234
2010-10-02 01:32:52,0.251
2010-10-02 02:56:24,0.237
2010-10-02 04:07:24,0.248
2010-10-02 05:27:39,0.237
2010-10-02 06:46:55,0.231
2010-10-02 08:18:28,0.25
2010-10-02 09:31:43,0.242
2010-10-02 10:40:29,0.229
2010-10-02 12:01:54,0.242
2010-10-02 13:08:21,0.229
2010-10-02 14:29:45,0.245
2010-10-02 15:44:15,0.231
2010-10-02 17:04:33,0.241
2010-10-02 18:05:17,0.232
2010-10-02 19:30:06,0.25
2010-10-02 20:45:43,0.238
2010-10-02 21:49:51,0.24
2010-10-02 23:18:01,0.228
2010-10-03 00:24:17,0.245
2010-10-03 01:50:14,0.232
2010-10-03 03:02:24,0.246
2010-10-03 04:28:30,0.228
2010-10-03 05:57:56,0.243
2010-10-03 07:32:03,0.233
2010-10-03 08:38:29,0.241
2010-10-03 09:57:47,0.244
2010-10-03 11:27:18,0.242
2010-10-03 12:51:01,0.229
2010-10-03 13:59:52,0.243
2010-10-03 15:01:46,0.24
2010-10-03 16:33:29,0.229
2010-10-03 17:41:07,0.25
2010-10-03 18:49:56,0.234
2010-10-03 20:07:59,0.247
2010-10-03 21:09:50,0.237
2010-10-03 22:36:00,0.233
2010-10-03 23:37:57,0.247
2010-10-04 01:01:37,0.235
2010-10-04 02:08:11,0.238
2010-10-04 03:31:55,0.237
2010-10-04 05:02:32,0.245
2010-10-04 06:08:14,0.241
2010-10-04 07:26:14,0.228
2010-10-04 08:41:57,0.241
2010-10-04 10:01:18,0.235
2010-10-04 11:08:05,0.25
2010-10-04 12:17:04,0.236
2010-10-04 13:24:50,0.235
2010-10-04 14:47:38,0.232
2010-10-04 15:54:15,0.231
2010-10-04 16:59:49,0.249
2010-10-04 18:05:17,0.229
2010-10-04 19:10:46,0.241
2010-10-04 20:25:27,0.233
2010-10-04 21:40:17,0.236
2010-10-04 22:59:35,0.239
2010-10-05 00:09:35,0.232
2010-10-05 01:24:04,0.248
2010-10-05 02:30:34,0.236
2010-10-05 03:39:26,0.24
2010-10-05 05:04:28,0.243
2010-10-05 06:28:09,0.231
2010-10-05 07:37:01,0.247
2010-10-05 08:52:47,0.246
2010-10-05 10:14:15,0.232
2010-10-05 11:21:53,0.248
2010-10-05 12:41:28,0.232
2010-10-05 13:52:26,0.245
2010-10-05 15:05:10,0.233
2010-10-05 16:19:17,0.247
2010-10-05 17:41:07,0.233
2010-10-05 18:42:55,0.228
2010-10-05 19:57:34,0.245
2010-10-05 21:21:36,0.231
2010-10-05 22:29:08,0.251
2010-10-05 23:45:05,0.235
2010-10-06 01:05:38,0.249
2010-10-06 02:25:02,0.231
2010-10-06 03:41:30,0.246
2010-10-06 05:01:36,0.23
2010-10-06 06:17:09,0.229
2010-10-06 07:20:48,0.246
2010-10-06 08:50:25,0.243
2010-10-06 10:07:07,0.233
2010-10-06 11:33:06,0.249
2010-10-06 12:40:13,0.246
2010-10-06 13:56:56,0.23
2010-10-06 15:06:34,0.248
2010-10-06 16:27:48,0.244
2010-10-06 17:29:00,0.231
2010-10-06 18:34:51,0.25
2010-10-06 20:07:45,0.232
2010-10-06 21:19:45,0.23
2010-10-06 22:28:13,0.239
2010-10-06 23:31:54,0.241
2010-10-07 00:45:02,0.245
2010-10-07 02:07:38,0.24
2010-10-07 03:23:04,0.239
2010-10-07 04:31:21,0.229
2010-10-07 05:49:00,0.244
2010-10-07 07:05:39,0.232
2010-10-07 08:32:52,0.248
2010-10-07 09:50:38,0.231
2010-10-07 11:01:20,0.248
2010-10-07 12:07:30,0.238
2010-10-07 13:34:41,0.245
2010-10-07 14:47:44,0.232
2010-10-07 16:00:46,0.245
2010-10-07 17:16:13,0.243
2010-10-07 18:22:14,0.252
2010-10-07 19:44:49,0.237
2010-10-07 21:02:38,0.236
2010-10-07 22:12:06,0.237
2010-10-07 23:35:55,0.241
2010-10-08 01:00:50,0.243
2010-10-08 02:18:42,0.228
2010-10-08 03:36:51,0.247
2010-10-08 04:41:47,0.239
2010-10-08 06:20:52,0.242
2010-10-08 07:24:28,0.231
2010-10-08 08:51:47,0.232
2010-10-08 10:12:04,0.245
2010-10-08 11:14:33,0.232
2010-10-08 12:34:51,0.246
2010-10-08 14:11:34,0.244
2010-10-08 15:18:49,0.236
2010-10-08 16:33:13,0.249
2010-10-08 18:04:20,0.237
2010-10-08 19:35:17,0.235
2010-10-08 20:53:20,0.248
2010-10-08 22:01:53,0.25
2010-10-08 23:19:51,0.228
2010-10-09 00:34:19,0.249
2010-10-09 01:55:51,0.228
2010-10-09 03:06:49,0.243
2010-10-09 04:37:48,0.241
2010-10-09 05:46:20,0.238
2010-10-09 07:12:36,0.231
2010-10-09 08:13:08,0.247
2010-10-09 09:18:01,0.232
2010-10-09 10:45:29,0.252
2010-10-09 11:51:42,0.241
2010-10-09 12:59:08,0.234
2010-10-09 14:07:38,0.241
2010-10-09 15:17:24,0.229
2010-10-09 16:45:03,0.25
2010-10-09 17:59:36,0.23
2010-10-09 19:02:20,0.243
2010-10-09 20:28:44,0.246
2010-10-09 21:43:19,0.229
2010-10-09 22:56:43,0.245
2010-10-10 00:27:42,0.23
2010-10-10 01:37:38,0.251
2010-10-10 02:43:58,0.232
2010-10-10 04:12:43,0.24
2010-10-10 05:34:27,0.232
2010-10-10 07:03:07,0.243
2010-10-10 08:16:25,0.252
2010-10-10 09:20:14,0.234
2010-10-10 10:48:45,0.239
2010-10-10 12:04:29,0.236
2010-10-10 13:15:31,0.243
2010-10-10 14:33:38,0.242
2010-10-10 16:02:16,0.243
2010-10-10 17:15:43,0.229
2010-10-10 18:22:00,0.245
2010-10-10 19:35:25,0.23
2010-10-10 20:48:45,0.251
2010-10-10 22:00:59,0.229
2010-10-10 23:26:22,0.247
2010-10-11 00:49:06,0.232
2010-10-11 02:09:33,0.251
2010-10-11 03:31:15,0.249
2010-10-11 04:50:37,0.231
2010-10-11 05:54:36,0.252
2010-10-11 07:17:28,0.251
2010-10-11 08:37:59,0.239
2010-10-11 09:41:57,0.231
2010-10-11 11:09:37,0.251
2010-10-11 12:20:39,0.234
2010-10-11 13:38:50,0.231
2010-10-11 14:50:07,0.252
2010-10-11 16:13:12,0.231
2010-10-11 17:15:58,0.247
2010-10-11 18:37:41,0.233
2010-10-11 19:55:43,0.23
2010-10-11 21:18:35,0.243
2010-10-11 22:37:50,0.23
2010-10-11 23:41:40,0.249
2010-10-12 00:49:05,0.23
2010-10-12 02:13:14,0.228
2010-10-12 03:38:32,0.247
2010-10-12 04:55:32,0.25
2010-10-12 06:27:47,0.233
2010-10-12 07:40:00,0.252
2010-10-12 08:58:11,0.233
2010-10-12 10:09:13,0.245
2010-10-12 11:38:01,0.236
2010-10-12 12:57:23,0.237
2010-10-12 14:17:46,0.25
2010-10-12 15:40:46,0.232
2010-10-12 16:43:34,0.245
2010-10-12 18:14:42,0.231
2010-10-12 19:20:00,0.251
2010-10-12 20:25:16,0.235
2010-10-12 21:31:47,0.248
2010-10-12 22:48:48,0.243
2010-10-12 23:57:30,0.231
2010-10-13 01:19:23,0.25
2010-10-13 02:48:30,0.238
2010-10-13 04:09:19,0.244
2010-10-13 05:27:35,0.248
2010-10-13 06:53:07,0.234
2010-10-13 07:57:17,0.248
2010-10-13 09:02:29,0.236
2010-10-13 10:05:24,0.245
2010-10-13 11:35:42,0.25
2010-10-13 12:56:24,0.232
2010-10-13 14:25:26,0.237
2010-10-13 15:45:01,0.236
2010-10-13 17:08:35,0.248
2010-10-13 18:27:25,0.236
2010-10-13 19:48:34,0.249
2010-10-13 20:57:47,0.25
2010-10-13 22:07:58,0.24
2010-10-13 23:28:36,0.246
2010-10-14 00:44:28,0.234
2010-10-14 02:18:08,0.248
2010-10-14 03:36:26,0.231
2010-10-14 05:07:59,0.246
2010-10-14 06:18:00,0.229
2010-10-14 07:31:25,0.25
2010-10-14 08:52:11,0.23
2010-10-14 10:27:24,0.244
2010-10-14 11:43:41,0.247
2010-10-14 12:49:08,0.232
2010-10-14 14:10:52,0.248
2010-10-14 15:43:21,0.243
2010-10-14 17:06:18,0.23
2010-10-14 18:32:51,0.228
2010-10-14 19:57:04,0.24
2010-10-14 21:05:43,0.241
2010-10-14 22:19:07,0.249
2010-10-14 23:23:07,0.23
2010-10-15 00:35:25,0.251
2010-10-15 01:44:10,0.232
2010-10-15 02:58:42,0.246
2010-10-15 04:26:27,0.243
2010-10-15 05:33:56,0.228
2010-10-15 06:35:30,0.243
2010-10-15 07:59:39,0.239
2010-10-15 09:28:29,0.247
2010-10-15 10:53:46,0.249
2010-10-15 12:22:43,0.234
2010-10-15 13:33:59,0.246
2010-10-15 14:55:52,0.249
2010-10-15 16:15:27,0.23
2010-10-15 17:45:44,0.25
2010-10-15 18:58:08,0.243
2010-10-15 19:59:51,0.249
2010-10-15 21:20:36,0.235
2010-10-15 22:24:42,0.249
2010-10-15 23:51:11,0.228
2010-10-16 01:00:04,0.25
2010-10-16 02:18:37,0.231
2010-10-16 03:27:25,0.228
2010-10-16 04:38:44,0.243
2010-10-16 06:11:30,0.228
2010-10-16 07:16:45,0.232
2010-10-16 08:42:19,0.251
2010-10-16 10:07:48,0.249
2010-10-16 11:15:32,0.245
2010-10-16 12:18:19,0.243
2010-10-16 13:50:44,0.248
2010-10-16 15:20:47,0.242
2010-10-16 16:38:53,0.244
2010-10-16 17:50:04,0.231
2010-10-16 19:07:11,0.244
2010-10-16 20:38:27,0.25
2010-10-16 22:06:15,0.234
2010-10-16 23:22:17,0.245
2010-10-17 00:32:09,0.229
2010-10-17 02:01:15,0.243
2010-10-17 03:21:59,0.229
2010-10-17 04:46:06,0.243
2010-10-17 05:51:33,0.245
2010-10-17 07:19:21,0.235
2010-10-17 08:22:21,0.249
2010-10-17 09:44:20,0.238
2010-10-17 11:10:56,0.245
2010-10-17 12:15:10,0.231
2010-10-17 13:27:35,0.244
2010-10-17 14:41:19,0.236
2010-10-17 15:49:05,0.245
2010-10-17 17:09:42,0.241
2010-10-17 18:40:03,0.229
2010-10-17 19:45:17,0.252
2010-10-17 20:49:18,0.228
2010-10-17 21:57:00,0.242
2010-10-17 23:29:31,0.229
2010-10-18 00:52:35,0.251
2010-10-18 02:03:48,0.233
2010-10-18 03:16:18,0.238
2010-10-18 04:43:02,0.252
2010-10-18 05:59:00,0.236
2010-10-18 07:12:28,0.252
2010-10-18 08:39:48,0.236
2010-10-18 09:50:41,0.238
2010-10-18 11:14:39,0.251
2010-10-18 12:25:41,0.25
2010-10-18 13:35:26,0.251
2010-10-18 14:54:53,0.233
2010-10-18 16:22:33,0.242
2010-10-18 17:51:20,0.246
2010-10-18 19:04:53,0.23
2010-10-18 20:11:04,0.242
2010-10-18 21:36:27,0.23
2010-10-18 23:04:08,0.247
2010-10-19 00:16:22,0.23
2010-10-19 01:44:07,0.246
2010-10-19 02:58:55,0.245
2010-10-19 04:23:16,0.232
2010-10-19 05:29:47,0.238
2010-10-19 06:35:06,0.248
2010-10-19 07:38:07,0.23
2010-10-19 08:42:13,0.237
2010-10-19 10:06:28,0.246
2010-10-19 11:15:29,0.229
2010-10-19 12:39:51,0.252
2010-10-19 13:49:59,0.25
2010-10-19 15:07:09,0.244
2010-10-19 16:40:57,0.229
2010-10-19 17:48:51,0.244
2010-10-19 19:15:38,0.23
2010-10-19 20:43:38,0.247
2010-10-19 22:03:32,0.242
2010-10-19 23:14:51,0.248
2010-10-20 00:45:11,0.234
2010-10-20 01:50:45,0.249
2010-10-20 03:02:03,0.236
2010-10-20 04:30:05,0.251
2010-10-20 05:56:56,0.239
2010-10-20 07:22:42,0.241
2010-10-20 08:42:24,0.245
2010-10-20 10:12:15,0.244
2010-10-20 11:29:54,0.232
2010-10-20 12:36:52,0.242
2010-10-20 14:07:42,0.239
2010-10-20 15:15:46,0.232
2010-10-20 16:18:57,0.245
2010-10-20 17:20:53,0.231
2010-10-20 18:39:35,0.249
2010-10-20 19:46:19,0.232
2010-10-20 20:55:27,0.243
2010-10-20 22:23:36,0.247
2010-10-20 23:50:25,0.233
2010-10-21 01:11:26,0.248
2010-10-21 02:24:14,0.242
2010-10-21 03:38:13,0.247
2010-10-21 04:59:08,0.233
2010-10-21 06:20:15,0.249
2010-10-21 07:30:30,0.228
2010-10-21 09:01:06,0.244
2010-10-21 10:13:44,0.229
2010-10-21 11:16:49,0.243
2010-10-21 12:20:52,0.241
2010-10-21 13:49:58,0.229
2010-10-21 15:14:24,0.249
2010-10-21 16:31:34,0.232
2010-10-21 17:58:25,0.25
2010-10-21 19:03:43,0.245
2010-10-21 20:08:57,0.244
2010-10-21 21:32:00,0.232
2010-10-21 22:45:42,0.241
2010-10-22 00:07:34,0.25
2010-10-22 01:31:43,0.245
2010-10-22 02:37:49,0.229
2010-10-22 03:46:17,0.248
2010-10-22 05:16:47,0.236
2010-10-22 06:26:31,0.25
2010-10-22 07:54:37,0.245
2010-10-22 09:04:19,0.241
2010-10-22 10:26:37,0.228
2010-10-22 11:46:19,0.229
2010-10-22 13:11:01,0.245
2010-10-22 14:18:29,0.231
2010-10-22 15:37:01,0.25
2010-10-22 16:49:33,0.231
2010-10-22 18:08:17,0.25
2010-10-22 19:13:13,0.229
2010-10-22 20:21:53,0.243
2010-10-22 21:33:20,0.248
2010-10-22 22:40:46,0.246
2010-10-23 00:10:19,0.244
2010-10-23 01:34:56,0.245
2010-10-23 03:05:39,0.23
2010-10-23 04:25:13,0.241
2010-10-23 05:52:28,0.228
2010-10-23 07:24:31,0.242
2010-10-23 08:34:32,0.25
2010-10-23 09:59:12,0.246
2010-10-23 11:10:16,0.244
2010-10-23 12:26:32,0.242
2010-10-23 13:43:39,0.244
2010-10-23 15:04:33,0.23
2010-10-23 16:20:29,0.239
2010-10-23 17:40:19,0.242
2010-10-23 19:05:14,0.228
2010-10-23 20:32:15,0.245
2010-10-23 21:38:35,0.243
2010-10-23 23:02:12,0.228
2010-10-24 00:10:52,0.252
2010-10-24 01:17:12,0.235
2010-10-24 02:34:30,0.239
2010-10-24 03:54:32,0.228
2010-10-24 05:18:01,0.243
2010-10-24 06:59:55,0.229
2010-10-24 08:18:30,0.242
2010-10-24 09:45:46,0.239
2010-10-24 10:54:43,0.24
2010-10-24 12:24:22,0.244
2010-10-24 13:43:00,0.23
2010-10-24 14:54:13,0.245
2010-10-24 16:21:28,0.229
2010-10-24 17:34:01,0.246
2010-10-24 18:40:25,0.235
2010-10-24 20:00:21,0.246
2010-10-24 21:23:51,0.248
2010-10-24 22:51:10,0.231
2010-10-25 00:21:57,0.251
2010-10-25 01:36:58,0.237
2010-10-25 03:06:49,0.246
2010-10-25 04:37:47,0.231
2010-10-25 06:03:46,0.247
2010-10-25 07:05:13,0.244
2010-10-25 08:12:55,0.246
2010-10-25 09:49:59,0.229
2010-10-25 10:55:11,0.246
2010-10-25 12:15:08,0.23
2010-10-25 13:34:59,0.243
2010-10-25 14:51:14,0.245
2010-10-25 16:17:22,0.23
2010-10-25 17:23:49,0.249
2010-10-25 18:28:00,0.229
2010-10-25 19:37:00,0.249
2010-10-25 20:43:37,0.233
2010-10-25 22:03:43,0.247
2010-10-25 23:18:46,0.244
2010-10-26 00:31:18,0.228
2010-10-26 01:50:28,0.245
2010-10-26 02:53:19,0.247
2010-10-26 04:05:51,0.234
2010-10-26 05:27:14,0.251
2010-10-26 06:56:02,0.235
2010-10-26 08:06:17,0.248
2010-10-26 09:16:25,0.232
2010-10-26 10:40:02,0.243
2010-10-26 11:51:09,0.248
2010-10-26 13:06:23,0.246
2010-10-26 14:29:53,0.228
2010-10-26 15:37:29,0.246
2010-10-26 16:43:47,0.229
2010-10-26 18:02:22,0.237
2010-10-26 19:19:41,0.228
2010-10-26 20:23:45,0.243
2010-10-26 21:47:20,0.229
2010-10-26 23:02:33,0.246
2010-10-27 00:11:18,0.231
2010-10-27 01:38:46,0.244
2010-10-27 02:57:20,0.23
2010-10-27 04:27:18,0.247
2010-10-27 05:42:22,0.23
2010-10-27 06:45:03,0.25
2010-10-27 07:48:53,0.251
2010-10-27 09:11:14,0.234
2010-10-27 10:12:44,0.25
2010-10-27 11:27:56,0.251
2010-10-27 12:55:22,0.236
2010-10-27 14:25:08,0.249
2010-10-27 15:30:19,0.244
2010-10-27 17:07:24,0.234
2010-10-27 18:11:22,0.238
2010-10-27 19:42:27,0.237
2010-10-27 21:01:34,0.249
2010-10-27 22:16:48,0.231
2010-10-27 23:40:50,0.238
2010-10-28 00:43:51,0.245
2010-10-28 02:10:46,0.246
2010-10-28 03:28:51,0.23
2010-10-28 04:45:32,0.251
2010-10-28 06:13:37,0.23
2010-10-28 07:29:14,0.249
2010-10-28 08:44:49,0.237
2010-10-28 10:08:44,0.251
2010-10-28 11:19:07,0.238
2010-10-28 12:33:39,0.248
2010-10-28 13:52:55,0.243
2010-10-28 15:13:12,0.231
2010-10-28 16:23:51,0.252
2010-10-28 17:42:59,0.234
2010-10-28 18:55:58,0.238
2010-10-28 20:22:34,0.247
2010-10-28 21:37:01,0.228
2010-10-28 23:04:56,0.248
2010-10-29 00:27:50,0.236
2010-10-29 01:53:30,0.251
2010-10-29 03:18:49,0.235
2010-10-29 04:48:10,0.251
2010-10-29 06:03:47,0.235
2010-10-29 07:10:52,0.249
2010-10-29 08:12:35,0.243
2010-10-29 09:24:34,0.242
2010-10-29 10:51:03,0.245
2010-10-29 12:12:26,0.233
2010-10-29 13:43:29,0.246
2010-10-29 14:53:56,0.24
2010-10-29 16:03:00,0.243
2010-10-29 17:39:08,0.25
2010-10-29 19:08:01,0.237
2010-10-29 20:33:04,0.25
2010-10-29 21:42:24,0.231
2010-10-29 22:53:59,0.247
2010-10-30 00:01:45,0.249
2010-10-30 01:34:10,0.232
2010-10-30 02:50:44,0.247
2010-10-30 03:53:57,0.232
2010-10-30 05:30:21,0.231
2010-10-30 06:38:21,0.25
2010-10-30 08:07:14,0.231
2010-10-30 09:28:46,0.238
2010-10-30 10:55:19,0.251
2010-10-30 12:24:27,0.232
2010-10-30 13:32:29,0.245
2010-10-30 14:50:13,0.237
2010-10-30 16:05:38,0.247
2010-10-30 17:35:39,0.248
2010-10-30 19:04:27,0.25
2010-10-30 20:14:49,0.238
2010-10-30 21:22:43,0.242
2010-10-30 22:49:12,0.234
2010-10-31 00:18:20,0.236
2010-10-31 01:22:36,0.249
2010-10-31 02:35:45,0.247
2010-10-31 04:01:06,0.24
2010-10-31 05:12:48,0.245
2010-10-31 06:21:55,0.233
2010-10-31 07:42:28,0.249
2010-10-31 09:10:16,0.232
2010-10-31 10:31:59,0.246
2010-10-31 12:03:29,0.229
2010-10-31 13:33:43,0.245
2010-10-31 14:51:31,0.238
2010-10-31 16:16:52,0.233
2010-10-31 17:39:51,0.25
2010-10-31 19:01:30,0.244
2010-10-31 20:10:47,0.23
2010-10-31 21:27:28,0.25
2010-10-31 22:53:00,0.237
2010-11-01 00:28:17,0.25
2010-11-01 01:49:50,0.232
2010-11-01 03:11:21,0.242
2010-11-01 04:31:48,0.245
2010-11-01 05:52:11,0.238
2010-11-01 07:13:45,0.231
2010-11-01 08:34:05,0.244
2010-11-01 09:51:01,0.25
2010-11-01 11:02:45,0.244
2010-11-01 12:41:57,0.248
2010-11-01 14:13:44,0.229
2010-11-01 15:26:27,0.23
2010-11-01 16:54:23,0.246
2010-11-01 18:03:42,0.233
2010-11-01 19:24:10,0.249
2010-11-01 20:29:56,0.229
2010-11-01 21:36:53,0.243
2010-11-01 22:56:09,0.24
2010-11-02 00:17:48,0.246
2010-11-02 01:28:28,0.23
2010-11-02 02:45:09,0.247
2010-11-02 03:56:01,0.246
2010-11-02 05:25:05,0.244
2010-11-02 06:35:57,0.24
2010-11-02 07:58:56,0.242
2010-11-02 09:40:31,0.229
2010-11-02 11:06:14,0.247
2010-11-02 12:11:51,0.235
2010-11-02 13:33:49,0.233
2010-11-02 14:43:20,0.25
2010-11-02 16:13:06,0.244
2010-11-02 17:53:43,0.229
2010-11-02 19:05:49,0.244
2010-11-02 20:35:02,0.247
2010-11-02 21:49:19,0.229
2010-11-02 23:12:28,0.248
2010-11-03 00:24:36,0.246
2010-11-03 01:50:18,0.243
2010-11-03 03:17:24,0.245
2010-11-03 04:31:50,0.23
2010-11-03 05:40:06,0.244
2010-11-03 07:00:50,0.236
2010-11-03 08:12:52,0.25
2010-11-03 09:16:18,0.235
2010-11-03 10:28:32,0.248
2010-11-03 11:57:43,0.233
2010-11-03 13:17:14,0.228
2010-11-03 14:27:53,0.246
2010-11-03 15:38:38,0.234
2010-11-03 16:44:28,0.251
2010-11-03 17:53:52,0.238
2010-11-03 19:09:40,0.247
2010-11-03 20:35:17,0.23
2010-11-03 21:57:23,0.248
2010-11-03 23:21:50,0.23
2010-11-04 00:49:53,0.243
2010-11-04 02:19:20,0.23
2010-11-04 03:22:53,0.248
2010-11-04 04:37:26,0.252
2010-11-04 05:49:22,0.241
2010-11-04 07:11:21,0.243
2010-11-04 08:21:12,0.249
2010-11-04 09:28:34,0.229
2010-11-04 10:54:23,0.251
2010-11-04 12:00:12,0.23
2010-11-04 13:16:07,0.247
2010-11-04 14:40:46,0.235
2010-11-04 15:50:30,0.23
2010-11-04 16:53:54,0.243
2010-11-04 18:01:07,0.241
2010-11-04 19:25:31,0.242
2010-11-04 20:52:29,0.25
2010-11-04 22:21:03,0.228
2010-11-04 23:41:53,0.244
2010-11-05 00:45:17,0.245
2010-11-05 01:47:30,0.244
2010-11-05 02:52:04,0.232
2010-11-05 03:59:12,0.238
2010-11-05 05:15:11,0.241
2010-11-05 06:27:28,0.248
2010-11-05 07:40:56,0.23
2010-11-05 09:03:00,0.237
2010-11-05 10:13:55,0.238
2010-11-05 11:39:53,0.244
2010-11-05 12:45:00,0.23
2010-11-05 13:54:46,0.25
2010-11-05 15:16:46,0.236
2010-11-05 16:36:27,0.249
2010-11-05 18:02:19,0.236
2010-11-05 19:16:54,0.251
2010-11-05 20:31:24,0.237
2010-11-05 22:03:34,0.25
2010-11-05 23:14:25,0.234
2010-11-06 00:31:28,0.245
2010-11-06 02:00:59,0.242
2010-11-06 03:09:23,0.252
2010-11-06 04:17:37,0.23
2010-11-06 05:46:09,0.246
2010-11-06 06:53:46,0.244
2010-11-06 08:12:21,0.237
2010-11-06 09:27:05,0.248
2010-11-06 10:27:58,0.232
2010-11-06 11:36:19,0.248
2010-11-06 13:03:52,0.229
2010-11-06 14:29:59,0.237
2010-11-06 15:46:19,0.23
2010-11-06 17:08:27,0.246
2010-11-06 18:13:14,0.233
2010-11-06 19:31:37,0.248
2010-11-06 20:55:00,0.229
2010-11-06 22:07:20,0.249
2010-11-06 23:22:06,0.245
2010-11-07 00:50:28,0.23
2010-11-07 02:13:50,0.25
2010-11-07 03:37:16,0.231
2010-11-07 04:54:22,0.251
2010-11-07 06:15:18,0.238
2010-11-07 07:42:30,0.248
2010-11-07 09:06:18,0.247
2010-11-07 10:29:56,0.25
2010-11-07 11:44:33,0.234
2010-11-07 12:59:13,0.248
2010-11-07 14:12:38,0.246
2010-11-07 15:31:17,0.23
2010-11-07 16:42:26,0.25
2010-11-07 18:01:08,0.235
2010-11-07 19:20:58,0.249
2010-11-07 20:24:30,0.228
2010-11-07 22:00:11,0.244
2010-11-07 23:16:19,0.232
2010-11-08 00:26:09,0.247
2010-11-08 01:28:17,0.238
2010-11-08 02:43:06,0.229
2010-11-08 03:50:26,0.242
2010-11-08 04:57:48,0.229
2010-11-08 06:13:41,0.246
2010-11-08 07:33:40,0.23
2010-11-08 08:43:39,0.237
2010-11-08 09:59:57,0.245
2010-11-08 11:22:18,0.246
2010-11-08 12:40:42,0.239
2010-11-08 13:48:08,0.237
2010-11-08 15:11:29,0.243
2010-11-08 16:37:36,0.231
2010-11-08 17:48:51,0.239
2010-11-08 19:06:17,0.238
2010-11-08 20:24:52,0.251
2010-11-08 21:28:28,0.236
2010-11-08 22:38:16,0.241
2010-11-08 23:43:15,0.246
2010-11-09 01:10:26,0.247
2010-11-09 02:40:16,0.23
2010-11-09 04:08:51,0.25
2010-11-09 05:35:07,0.24
2010-11-09 07:08:52,0.232
2010-11-09 08:38:51,0.245
2010-11-09 10:05:05,0.24
2010-11-09 11:25:06,0.25
2010-11-09 12:36:29,0.24
2010-11-09 13:51:20,0.244
2010-11-09 15:07:35,0.229
2010-11-09 16:08:49,0.244
2010-11-09 17:13:47,0.23
2010-11-09 18:14:58,0.249
2010-11-09 19:38:52,0.237
2010-11-09 20:43:47,0.229
2010-11-09 21:54:54,0.248
2010-11-09 23:08:48,0.233
2010-11-10 00:26:13,0.247
2010-11-10 01:55:48,0.232
2010-11-10 02:58:27,0.247
2010-11-10 04:25:44,0.23
2010-11-10 05:29:30,0.251
2010-11-10 06:55:28,0.229
2010-11-10 08:11:27,0.247
2010-11-10 09:33:49,0.232
2010-11-10 10:38:48,0.248
2010-11-10 12:07:30,0.228
2010-11-10 13:27:29,0.241
2010-11-10 14:56:17,0.238
2010-11-10 16:15:03,0.23
2010-11-10 17:26:26,0.229
2010-11-10 18:31:28,0.251
2010-11-10 19:39:06,0.234
2010-11-10 20:56:43,0.245
2010-11-10 22:27:53,0.24
2010-11-10 23:45:15,0.234
2010-11-11 00:53:54,0.249
2010-11-11 02:18:50,0.237
2010-11-11 03:37:30,0.231
2010-11-11 04:39:56,0.228
2010-11-11 05:44:55,0.243
2010-11-11 07:04:02,0.229
2010-11-11 08:12:45,0.243
2010-11-11 09:32:41,0.244
2010-11-11 10:51:19,0.245
2010-11-11 12:06:19,0.244
2010-11-11 13:30:08,0.229
2010-11-11 14:33:54,0.234
2010-11-11 15:36:34,0.25
2010-11-11 16:56:23,0.231
2010-11-11 18:13:52,0.248
2010-11-11 19:35:16,0.235
2010-11-11 20:48:53,0.252
2010-11-11 22:05:05,0.238
2010-11-11 23:31:23,0.252
2010-11-12 00:38:56,0.25
2010-11-12 02:10:09,0.234
2010-11-12 03:18:56,0.242
2010-11-12 04:48:01,0.23
2010-11-12 06:18:07,0.248
2010-11-12 07:40:41,0.232
2010-11-12 09:06:58,0.251
2010-11-12 10:17:01,0.248
2010-11-12 11:24:32,0.228
2010-11-12 12:38:18,0.247
2010-11-12 13:52:01,0.23
2010-11-12 14:59:36,0.245
2010-11-12 16:23:14,0.247
2010-11-12 17:28:17,0.228
2010-11-12 18:32:01,0.247
2010-11-12 19:50:41,0.23
2010-11-12 21:00:45,0.251
2010-11-12 22:28:43,0.236
2010-11-12 23:38:55,0.251
2010-11-13 00:57:55,0.237
2010-11-13 02:25:29,0.25
2010-11-13 03:45:32,0.246
2010-11-13 04:51:47,0.25
2010-11-13 06:05:30,0.237
2010-11-13 07:23:16,0.243
2010-11-13 08:36:57,0.251
2010-11-13 09:55:36,0.244
2010-11-13 11:14:39,0.249
2010-11-13 12:25:21,0.248
2010-11-13 13:53:32,0.244
2010-11-13 15:17:49,0.245
2010-11-13 16:30:46,0.228
2010-11-13 17:50:00,0.248
2010-11-13 18:58:59,0.236
2010-11-13 20:09:02,0.23
2010-11-13 21:31:48,0.246
2010-11-13 22:39:25,0.233
2010-11-13 23:58:13,0.25
2010-11-14 01:00:51,0.233
2010-11-14 02:28:41,0.245
2010-11-14 03:45:28,0.232
2010-11-14 05:08:17,0.249
2010-11-14 06:11:23,0.24
2010-11-14 07:29:10,0.248
2010-11-14 08:41:55,0.233
2010-11-14 09:52:07,0.25
2010-11-14 11:05:54,0.231
2010-11-14 12:26:18,0.247
2010-11-14 13:49:08,0.23
2010-11-14 15:13:10,0.233
2010-11-14 16:30:51,0.244
2010-11-14 18:02:35,0.23
2010-11-14 19:24:03,0.238
2010-11-14 21:01:55,0.25
2010-11-14 22:32:06,0.238
2010-11-14 23:46:05,0.251
2010-11-15 01:05:08,0.23
2010-11-15 02:31:37,0.252
2010-11-15 03:50:40,0.228
2010-11-15 05:07:13,0.249
2010-11-15 06:32:45,0.236
2010-11-15 07:40:26,0.252
2010-11-15 09:06:51,0.229
2010-11-15 10:25:51,0.248
2010-11-15 11:41:09,0.229
2010-11-15 13:05:16,0.233
2010-11-15 14:12:57,0.235
2010-11-15 15:16:52,0.239
2010-11-15 16:39:52,0.251
2010-11-15 18:10:28,0.235
2010-11-15 19:30:53,0.251
2010-11-15 20:46:18,0.244
2010-11-15 22:16:31,0.251
2010-11-15 23:20:17,0.23
2010-11-16 00:46:39,0.247
2010-11-16 02:05:28,0.243
2010-11-16 03:25:58,0.23
2010-11-16 04:31:24,0.239
2010-11-16 05:34:15,0.231
2010-11-16 06:53:21,0.244
2010-11-16 07:58:50,0.233
2010-11-16 09:23:08,0.248
2010-11-16 10:29:53,0.23
2010-11-16 11:59:16,0.244
2010-11-16 13:05:44,0.231
2010-11-16 14:23:29,0.243
2010-11-16 15:50:03,0.246
2010-11-16 16:57:45,0.233
2010-11-16 18:11:50,0.249
2010-11-16 19:28:20,0.247
2010-11-16 20:48:52,0.233
2010-11-16 22:10:18,0.252
2010-11-16 23:25:30,0.25
2010-11-17 00:54:36,0.243
2010-11-17 02:03:49,0.231
2010-11-17 03:30:37,0.238
2010-11-17 04:46:05,0.25
2010-11-17 05:59:06,0.235
2010-11-17 07:15:47,0.246
2010-11-17 08:41:15,0.233
2010-11-17 09:48:59,0.247
2010-11-17 10:54:14,0.243
2010-11-17 12:24:22,0.228
2010-11-17 13:32:02,0.234
2010-11-17 14:48:53,0.247
2010-11-17 16:14:37,0.246
2010-11-17 17:16:04,0.244
2010-11-17 18:36:32,0.231
2010-11-17 19:44:17,0.252
2010-11-17 20:49:31,0.236
2010-11-17 21:59:54,0.252
2010-11-17 23:25:28,0.239
2010-11-18 00:48:05,0.237
2010-11-18 02:10:48,0.252
2010-11-18 03:23:42,0.234
2010-11-18 04:31:36,0.243
2010-11-18 05:54:40,0.245
2010-11-18 07:14:01,0.231
2010-11-18 08:31:44,0.249
2010-11-18 09:44:27,0.237
2010-11-18 11:10:56,0.25
2010-11-18 12:36:24,0.229
2010-11-18 13:45:36,0.244
2010-11-18 14:52:16,0.242
2010-11-18 16:09:07,0.23
2010-11-18 17:30:43,0.246
2010-11-18 18:48:51,0.244
2010-11-18 19:58:06,0.23
2010-11-18 21:06:12,0.252
2010-11-18 22:38:05,0.248
2010-11-19 00:05:11,0.234
2010-11-19 01:10:39,0.232
2010-11-19 02:33:53,0.248
2010-11-19 04:03:17,0.245
2010-11-19 05:07:28,0.229
2010-11-19 06:30:31,0.241
2010-11-19 07:37:06,0.244
2010-11-19 08:43:53,0.232
2010-11-19 09:50:25,0.248
2010-11-19 11:12:15,0.231
2010-11-19 12:35:36,0.244
2010-11-19 13:47:15,0.238
2010-11-19 15:10:18,0.246
2010-11-19 16:33:12,0.248
2010-11-19 17:36:06,0.245
2010-11-19 18:55:16,0.231
2010-11-19 20:19:18,0.25
2010-11-19 21:47:07,0.233
2010-11-19 23:05:57,0.232
2010-11-20 00:16:31,0.251
2010-11-20 01:27:46,0.232
2010-11-20 02:54:23,0.238
2010-11-20 04:20:58,0.251
2010-11-20 05:43:53,0.235
2010-11-20 06:59:15,0.245
2010-11-20 08:25:56,0.251
2010-11-20 09:51:33,0.239
2010-11-20 11:31:04,0.246
2010-11-20 12:45:38,0.231
2010-11-20 14:11:30,0.244
2010-11-20 15:19:28,0.231
2010-11-20 16:24:56,0.237
2010-11-20 17:54:10,0.229
2010-11-20 19:04:14,0.245
2010-11-20 20:23:21,0.248
2010-11-20 21:24:51,0.23
2010-11-20 22:54:04,0.245
2010-11-21 00:21:54,0.232
2010-11-21 01:47:23,0.249
2010-11-21 03:16:53,0.237
2010-11-21 04:34:52,0.252
2010-11-21 06:04:05,0.238
2010-11-21 07:32:12,0.245
2010-11-21 08:46:22,0.252
2010-11-21 10:05:31,0.235
2010-11-21 11:28:38,0.251
2010-11-21 12:54:13,0.242
2010-11-21 14:25:44,0.24
2010-11-21 15:53:38,0.228
2010-11-21 17:02:49,0.25
2010-11-21 18:03:08,0.236
2010-11-21 19:30:45,0.228
2010-11-21 20:40:48,0.246
2010-11-21 22:02:29,0.245
2010-11-21 23:06:49,0.251
2010-11-22 00:15:48,0.237
2010-11-22 01:46:22,0.243
2010-11-22 03:02:59,0.245
2010-11-22 04:14:44,0.232
2010-11-22 05:42:46,0.242
2010-11-22 07:05:47,0.25
2010-11-22 08:27:28,0.235
2010-11-22 09:55:32,0.238
2010-11-22 11:20:57,0.25
2010-11-22 12:39:03,0.237
2010-11-22 14:08:22,0.238
2010-11-22 15:41:43,0.231
2010-11-22 17:08:53,0.241
2010-11-22 18:36:01,0.245
2010-11-22 19:39:18,0.229
2010-11-22 20:40:58,0.247
2010-11-22 21:59:10,0.229
2010-11-22 23:08:21,0.244
2010-11-23 00:41:48,0.247
2010-11-23 01:53:35,0.238
2010-11-23 03:21:48,0.25
2010-11-23 04:25:58,0.234
2010-11-23 05:30:19,0.244
2010-11-23 06:39:37,0.231
2010-11-23 08:06:44,0.244
2010-11-23 09:13:31,0.232
2010-11-23 10:40:28,0.251
2010-11-23 11:52:20,0.245
2010-11-23 13:26:49,0.251
2010-11-23 14:53:50,0.23
2010-11-23 15:56:47,0.237
2010-11-23 17:09:43,0.23
2010-11-23 18:30:27,0.248
2010-11-23 19:47:15,0.232
2010-11-23 21:01:39,0.247
2010-11-23 22:02:13,0.246
2010-11-23 23:30:35,0.23
2010-11-24 00:40:02,0.249
2010-11-24 01:51:47,0.239
2010-11-24 03:15:15,0.241
2010-11-24 04:43:55,0.229
2010-11-24 06:08:39,0.243
2010-11-24 07:13:13,0.246
2010-11-24 08:15:15,0.251
2010-11-24 09:41:18,0.236
2010-11-24 10:45:48,0.245
2010-11-24 11:59:13,0.238
2010-11-24 13:10:11,0.25
2010-11-24 14:35:21,0.231
2010-11-24 15:57:38,0.244
2010-11-24 17:22:51,0.248
2010-11-24 18:47:58,0.231
2010-11-24 19:53:53,0.25
2010-11-24 21:13:35,0.246
2010-11-24 22:31:57,0.24
2010-11-24 23:37:40,0.244
2010-11-25 00:47:02,0.242
2010-11-25 02:10:29,0.247
2010-11-25 03:19:58,0.23
2010-11-25 04:29:31,0.245
2010-11-25 05:41:29,0.232
2010-11-25 06:47:00,0.242
2010-11-25 08:03:58,0.249
2010-11-25 09:27:08,0.23
2010-11-25 10:47:51,0.244
2010-11-25 12:13:55,0.23
2010-11-25 13:42:06,0.25
2010-11-25 14:46:37,0.244
2010-11-25 15:56:10,0.229
2010-11-25 17:08:27,0.251
2010-11-25 18:10:18,0.23
2010-11-25 19:43:57,0.228
2010-11-25 21:09:47,0.229
2010-11-25 22:25:51,0.247
2010-11-25 23:55:40,0.231
2010-11-26 01:16:28,0.248
2010-11-26 02:48:34,0.23
2010-11-26 04:17:14,0.242
2010-11-26 05:39:32,0.25
2010-11-26 07:01:39,0.231
2010-11-26 08:25:12,0.25
2010-11-26 09:34:44,0.243
2010-11-26 10:44:20,0.23
2010-11-26 11:55:24,0.245
2010-11-26 13:08:59,0.23
2010-11-26 14:11:20,0.245
2010-11-26 15:42:33,0.231
2010-11-26 16:58:41,0.247
2010-11-26 18:10:44,0.245
2010-11-26 19:44:28,0.231
2010-11-26 21:16:58,0.245
2010-11-26 22:54:08,0.25
2010-11-27 00:08:47,0.242
2010-11-27 01:13:11,0.247
2010-11-27 02:39:02,0.248
2010-11-27 04:01:18,0.245
2010-11-27 05:16:56,0.231
2010-11-27 06:32:48,0.241
2010-11-27 07:46:04,0.233
2010-11-27 09:14:31,0.229
2010-11-27 10:27:59,0.242
2010-11-27 11:56:29,0.236
2010-11-27 13:14:49,0.244
2010-11-27 14:35:52,0.245
2010-11-27 15:56:33,0.232
2010-11-27 17:17:41,0.245
2010-11-27 18:40:59,0.233
2010-11-27 19:48:12,0.247
2010-11-27 21:02:42,0.231
2010-11-27 22:09:39,0.232
2010-11-27 23:17:52,0.234
2010-11-28 00:19:39,0.251
2010-11-28 01:48:04,0.237
2010-11-28 03:12:46,0.243
2010-11-28 04:28:28,0.237
2010-11-28 05:40:44,0.246
2010-11-28 06:56:31,0.23
2010-11-28 08:16:02,0.25
2010-11-28 09:28:13,0.244
2010-11-28 10:44:05,0.231
2010-11-28 12:03:46,0.251
2010-11-28 13:32:07,0.25
2010-11-28 15:01:46,0.23
2010-11-28 16:29:04,0.242
2010-11-28 17:51:10,0.241
2010-11-28 19:15:48,0.228
2010-11-28 20:26:41,0.245
2010-11-28 21:57:41,0.231
2010-11-28 23:09:42,0.252
2010-11-29 00:25:27,0.242
2010-11-29 01:32:09,0.23
2010-11-29 03:01:59,0.249
2010-11-29 04:36:57,0.248
2010-11-29 05:50:16,0.244
2010-11-29 07:28:51,0.251
2010-11-29 08:32:07,0.23
2010-11-29 09:56:47,0.248
2010-11-29 11:05:14,0.235
2010-11-29 12:24:49,0.25
2010-11-29 13:27:02,0.23
2010-11-29 14:38:07,0.247
2010-11-29 15:40:05,0.228
2010-11-29 16:49:46,0.24
2010-11-29 18:17:27,0.245
2010-11-29 19:41:04,0.246
2010-11-29 21:05:52,0.252
2010-11-29 22:27:02,0.232
2010-11-29 23:51:56,0.249
2010-11-30 00:57:57,0.228
2010-11-30 02:07:42,0.247
2010-11-30 03:21:04,0.249
2010-11-30 04:34:34,0.242
2010-11-30 05:57:05,0.231
2010-11-30 07:24:41,0.244
2010-11-30 08:36:54,0.242
2010-11-30 10:04:28,0.237
2010-11-30 11:30:38,0.24
2010-11-30 12:41:54,0.245
2010-11-30 14:02:59,0.239
2010-11-30 15:22:55,0.249
2010-11-30 16:39:08,0.244
2010-11-30 17:47:42,0.247
2010-11-30 19:00:04,0.245
2010-11-30 20:18:50,0.231
2010-11-30 21:29:58,0.247
2010-11-30 22:33:36,0.243
2010-11-30 23:39:37,0.248
