2010-01-31 20:09:55,0.255
2010-02-01 03:47:20,0.28
2010-02-01 04:48:19,0.255
2010-02-01 06:18:48,0.271
2010-02-01 07:42:09,0.275
2010-02-01 12:52:14,0.277
2010-02-01 15:10:30,0.26
2010-02-01 16:34:52,0.28
2010-02-01 21:52:03,0.258
2010-02-01 23:17:28,0.256
2010-02-02 00:23:33,0.27
2010-02-02 04:03:10,0.262
2010-02-02 06:23:28,0.27
2010-02-02 08:43:45,0.273
2010-02-02 10:01:03,0.258
2010-02-02 11:24:28,0.28
2010-02-02 12:36:40,0.257
2010-02-02 14:07:10,0.277
2010-02-02 18:44:46,0.275
2010-02-02 22:42:40,0.257
2010-02-02 23:54:52,0.277
2010-02-03 01:05:02,0.269
2010-02-03 02:25:22,0.26
2010-02-03 03:51:47,0.278
2010-02-03 05:12:07,0.255
2010-02-03 09:03:57,0.273
2010-02-03 10:26:20,0.261
2010-02-03 12:59:53,0.276
2010-02-03 14:27:20,0.257
2010-02-03 17:13:07,0.273
2010-02-03 18:15:10,0.258
2010-02-03 19:23:18,0.279
2010-02-03 20:43:38,0.256
2010-02-04 07:20:23,0.273
2010-02-04 08:26:30,0.257
2010-02-04 09:39:44,0.279
2010-02-04 11:02:07,0.262
2010-02-04 16:03:11,0.257
2010-02-04 17:27:38,0.259
2010-02-04 18:35:47,0.277
2010-02-04 19:44:58,0.263
2010-02-05 02:06:24,0.254
2010-02-05 04:39:00,0.271
2010-02-05 06:59:23,0.256
2010-02-05 08:18:45,0.28
2010-02-05 09:45:14,0.261
2010-02-05 10:48:18,0.259
2010-02-05 13:20:54,0.28
2010-02-05 14:30:05,0.265
2010-02-05 18:09:50,0.257
2010-02-05 19:17:01,0.273
2010-02-05 21:56:47,0.257
2010-02-06 01:51:49,0.28
2010-02-06 03:06:06,0.266
2010-02-06 07:03:12,0.273
2010-02-06 19:07:42,0.272
2010-02-06 23:24:11,0.277
2010-02-07 00:30:20,0.271
2010-02-07 02:51:49,0.255
2010-02-07 06:25:35,0.27
2010-02-07 07:28:41,0.257
2010-02-07 08:59:17,0.265
2010-02-08 01:24:32,0.256
2010-02-08 03:35:51,0.262
2010-02-08 07:15:42,0.272
2010-02-08 08:31:02,0.257
2010-02-08 09:54:31,0.258
2010-02-08 13:42:36,0.277
2010-02-08 16:15:24,0.278
2010-02-08 17:16:29,0.256
2010-02-08 18:21:38,0.273
2010-02-08 20:52:21,0.259
2010-02-08 21:53:26,0.273
2010-02-09 00:24:10,0.258
2010-02-09 03:15:14,0.277
2010-02-09 04:41:48,0.26
2010-02-09 06:06:18,0.276
2010-02-09 13:39:30,0.277
2010-02-09 14:41:38,0.261
2010-02-09 15:58:00,0.279
2010-02-09 17:21:31,0.273
2010-02-09 18:47:04,0.275
2010-02-09 20:14:39,0.273
2010-02-09 22:37:14,0.26
2010-02-09 23:46:29,0.266
2010-02-10 09:42:17,0.271
2010-02-10 17:37:57,0.257
2010-02-10 20:02:37,0.258
2010-02-10 23:55:55,0.275
2010-02-11 01:14:23,0.276
2010-02-11 02:38:56,0.274
2010-02-11 04:54:26,0.259
2010-02-11 07:27:14,0.274
2010-02-11 10:15:23,0.273
2010-02-11 13:09:36,0.269
2010-02-11 14:23:58,0.266
2010-02-11 20:23:41,0.27
2010-02-11 22:45:21,0.254
2010-02-12 02:31:35,0.267
2010-02-12 07:47:30,0.257
2010-02-12 09:55:56,0.278
2010-02-12 11:25:37,0.274
2010-02-12 18:31:37,0.258
2010-02-12 19:49:07,0.279
2010-02-12 20:55:23,0.272
2010-02-12 22:18:58,0.257
2010-02-13 05:30:09,0.255
2010-02-13 08:03:02,0.277
2010-02-13 09:03:11,0.273
2010-02-13 18:28:55,0.255
2010-02-13 19:46:23,0.272
2010-02-13 22:10:08,0.258
2010-02-14 04:20:08,0.273
2010-02-14 06:32:40,0.257
2010-02-14 09:03:32,0.275
2010-02-14 10:10:49,0.255
2010-02-14 12:29:28,0.269
2010-02-14 15:06:27,0.261
2010-02-14 16:35:09,0.278
2010-02-14 17:55:42,0.254
2010-02-14 19:05:01,0.275
2010-02-14 21:55:17,0.255
2010-02-14 23:15:53,0.259
2010-02-15 00:33:21,0.278
2010-02-15 01:56:57,0.269
2010-02-15 02:59:09,0.255
2010-02-15 05:40:17,0.276
2010-02-15 11:54:35,0.272
2010-02-15 13:08:01,0.254
2010-02-16 00:54:53,0.259
2010-02-16 02:01:11,0.277
2010-02-16 04:15:48,0.261
2010-02-16 05:27:12,0.28
2010-02-16 07:44:57,0.258
2010-02-16 14:21:46,0.264
2010-02-16 15:39:19,0.278
2010-02-16 18:08:17,0.269
2010-02-16 19:20:43,0.274
2010-02-16 22:05:58,0.254
2010-02-16 23:11:17,0.278
2010-02-17 00:26:46,0.262
2010-02-17 05:56:35,0.28
2010-02-17 07:05:02,0.257
2010-02-17 08:08:22,0.275
2010-02-17 10:53:49,0.26
2010-02-17 13:52:33,0.276
2010-02-17 15:16:17,0.259
2010-02-17 16:32:53,0.273
2010-02-17 17:58:41,0.261
2010-02-17 20:43:06,0.277
2010-02-18 00:15:33,0.261
2010-02-18 03:02:05,0.28
2010-02-18 04:16:38,0.27
2010-02-18 12:22:52,0.255
2010-02-18 13:35:24,0.277
2010-02-18 14:42:50,0.271
2010-02-18 18:45:58,0.258
2010-02-18 20:13:51,0.28
2010-02-18 22:39:56,0.258
2010-02-19 03:39:24,0.257
2010-02-19 05:56:23,0.278
2010-02-19 08:30:44,0.256
2010-02-19 11:11:13,0.271
2010-02-19 18:11:25,0.268
2010-02-19 19:36:17,0.271
2010-02-20 10:20:31,0.268
2010-02-20 17:35:00,0.27
2010-02-20 23:18:26,0.274
2010-02-21 04:17:00,0.264
2010-02-21 10:06:36,0.278
2010-02-21 12:22:34,0.268
2010-02-21 17:37:24,0.277
2010-02-21 22:03:15,0.258
2010-02-21 23:23:00,0.264
2010-02-22 00:52:58,0.262
2010-02-22 07:17:27,0.276
2010-02-22 12:23:13,0.272
2010-02-22 13:52:12,0.273
2010-02-22 17:41:17,0.277
2010-02-22 18:50:50,0.261
2010-02-22 22:19:32,0.272
2010-02-22 23:29:05,0.256
2010-02-23 00:37:40,0.279
2010-02-23 04:43:39,0.28
2010-02-23 05:51:21,0.273
2010-02-23 11:41:03,0.254
2010-02-23 13:01:04,0.279
2010-02-23 14:06:41,0.256
2010-02-23 20:37:21,0.261
2010-02-23 21:57:21,0.255
2010-02-24 03:16:20,0.262
2010-02-24 05:49:09,0.28
2010-02-24 07:56:17,0.26
2010-02-24 11:57:17,0.277
2010-02-24 14:16:45,0.262
2010-02-24 16:38:16,0.276
2010-02-24 17:39:49,0.278
2010-02-24 19:09:03,0.27
2010-02-24 20:15:42,0.255
2010-02-25 01:35:41,0.27
2010-02-25 08:58:53,0.254
2010-02-25 11:35:53,0.269
2010-02-25 23:22:45,0.256
2010-02-26 00:34:35,0.272
2010-02-26 13:44:28,0.269
2010-02-27 00:17:35,0.256
2010-02-27 07:51:03,0.275
2010-02-27 09:15:11,0.26
2010-02-27 11:50:07,0.28
2010-02-27 12:51:41,0.276
2010-02-27 14:00:25,0.26
2010-02-27 15:07:06,0.277
2010-02-27 17:31:47,0.258
2010-02-27 20:01:35,0.273
2010-02-27 21:22:37,0.254
2010-02-28 01:41:13,0.274
2010-02-28 07:39:20,0.254
2010-02-28 09:05:32,0.271
2010-02-28 10:18:25,0.256
2010-02-28 15:21:12,0.274
2010-03-01 07:11:54,0.272
2010-03-01 11:05:01,0.277
2010-03-01 15:23:43,0.257
2010-03-01 16:30:29,0.279
2010-03-01 18:36:49,0.263
2010-03-01 21:12:56,0.278
2010-03-01 22:27:53,0.258
2010-03-01 23:51:04,0.271
2010-03-02 02:43:37,0.258
2010-03-02 05:15:37,0.268
2010-03-02 06:38:49,0.266
2010-03-02 23:31:45,0.277
2010-03-03 00:35:28,0.263
2010-03-03 07:12:02,0.255
2010-03-03 08:29:05,0.272
2010-03-03 12:08:57,0.264
2010-03-03 13:18:49,0.273
2010-03-03 14:22:30,0.259
2010-03-03 15:43:39,0.257
2010-03-03 16:53:30,0.27
2010-03-03 21:01:07,0.276
2010-03-03 23:40:23,0.26
2010-03-04 01:09:49,0.273
2010-03-04 03:42:56,0.259
2010-03-04 04:48:41,0.278
2010-03-04 06:02:39,0.261
2010-03-04 08:22:27,0.275
2010-03-04 09:25:09,0.256
2010-03-04 11:57:17,0.271
2010-03-04 14:44:52,0.258
2010-03-04 15:48:35,0.271
2010-03-04 19:31:38,0.254
2010-03-04 20:51:47,0.276
2010-03-04 23:37:23,0.255
2010-03-05 02:01:24,0.276
2010-03-05 03:05:11,0.279
2010-03-05 04:23:21,0.257
2010-03-05 05:47:42,0.277
2010-03-05 08:13:45,0.258
2010-03-05 09:22:41,0.274
2010-03-05 15:20:37,0.257
2010-03-05 20:33:23,0.275
2010-03-05 23:04:38,0.254
2010-03-06 00:08:25,0.278
2010-03-06 01:27:41,0.259
2010-03-06 04:02:04,0.278
2010-03-06 05:24:24,0.255
2010-03-06 06:26:09,0.269
2010-03-06 07:42:18,0.272
2010-03-06 08:53:19,0.261
2010-03-06 16:16:48,0.275
2010-03-06 20:13:21,0.254
2010-03-06 21:26:21,0.276
2010-03-06 23:48:18,0.255
2010-03-07 00:52:06,0.267
2010-03-07 16:10:40,0.268
2010-03-07 17:13:25,0.271
2010-03-07 22:27:04,0.276
2010-03-07 23:44:11,0.259
2010-03-08 00:45:53,0.278
2010-03-08 01:49:39,0.26
2010-03-08 06:29:26,0.277
2010-03-08 07:53:46,0.263
2010-03-08 09:00:38,0.26
2010-03-08 10:15:43,0.279
2010-03-08 11:41:05,0.26
2010-03-08 17:45:15,0.277
2010-03-08 19:56:57,0.263
2010-03-08 23:42:19,0.278
2010-03-09 01:58:08,0.261
2010-03-09 02:58:49,0.276
2010-03-09 05:41:22,0.258
2010-03-09 13:22:18,0.273
2010-03-09 20:16:57,0.257
2010-03-10 01:15:28,0.261
2010-03-10 02:45:00,0.28
2010-03-10 05:17:18,0.259
2010-03-10 10:09:35,0.264
2010-03-10 11:27:49,0.273
2010-03-10 13:41:42,0.274
2010-03-10 14:50:39,0.257
2010-03-10 17:32:14,0.274
2010-03-11 01:29:55,0.254
2010-03-11 03:58:19,0.27
2010-03-11 05:25:55,0.255
2010-03-11 09:16:43,0.28
2010-03-11 12:57:13,0.259
2010-03-11 16:40:50,0.278
2010-03-11 17:56:02,0.26
2010-03-11 20:40:53,0.279
2010-03-11 21:43:45,0.257
2010-03-11 23:07:13,0.256
2010-03-12 00:26:33,0.27
2010-03-12 03:26:53,0.256
2010-03-12 04:54:31,0.261
2010-03-12 06:03:34,0.274
2010-03-12 10:00:37,0.258
2010-03-12 12:19:45,0.273
2010-03-12 15:18:07,0.274
2010-03-12 17:36:15,0.256
2010-03-12 19:03:58,0.275
2010-03-12 21:30:24,0.258
2010-03-12 23:56:50,0.279
2010-03-13 05:23:47,0.254
2010-03-13 07:58:29,0.279
2010-03-13 09:13:46,0.263
2010-03-13 11:51:33,0.267
2010-03-13 13:16:08,0.273
2010-03-13 18:32:44,0.255
2010-03-13 19:43:54,0.274
2010-03-13 22:22:43,0.254
2010-03-13 23:42:10,0.275
2010-03-14 07:04:39,0.28
2010-03-14 08:24:04,0.255
2010-03-14 09:54:52,0.276
2010-03-14 11:17:22,0.271
2010-03-14 13:48:59,0.267
2010-03-14 15:07:22,0.257
2010-03-14 16:10:18,0.259
2010-03-14 18:30:35,0.278
2010-03-14 19:42:49,0.259
2010-03-15 00:46:09,0.271
2010-03-15 04:32:08,0.254
2010-03-15 05:55:43,0.269
2010-03-15 14:48:06,0.279
2010-03-15 16:13:44,0.265
2010-03-16 03:58:37,0.278
2010-03-16 05:10:51,0.254
2010-03-16 10:22:35,0.278
2010-03-16 11:32:49,0.28
2010-03-16 14:00:25,0.264
2010-03-16 17:52:39,0.278
2010-03-16 20:17:13,0.255
2010-03-16 23:06:29,0.267
2010-03-17 01:46:32,0.274
2010-03-17 06:34:36,0.257
2010-03-17 07:55:06,0.272
2010-03-17 09:11:30,0.275
2010-03-17 10:16:34,0.261
2010-03-17 11:41:12,0.26
2010-03-17 15:31:24,0.278
2010-03-17 17:00:12,0.26
2010-03-17 19:13:25,0.259
2010-03-17 20:42:16,0.28
2010-03-18 00:51:12,0.266
2010-03-18 04:52:50,0.258
2010-03-18 10:44:59,0.278
2010-03-18 12:01:25,0.256
2010-03-18 15:47:32,0.262
2010-03-18 16:51:34,0.28
2010-03-18 17:54:35,0.26
2010-03-18 19:03:47,0.274
2010-03-18 21:12:53,0.258
2010-03-19 02:16:34,0.274
2010-03-19 07:16:08,0.254
2010-03-19 09:43:55,0.276
2010-03-19 12:30:14,0.275
2010-03-19 13:53:54,0.267
2010-03-20 05:40:19,0.269
2010-03-20 18:37:21,0.275
2010-03-20 22:08:10,0.255
2010-03-20 23:38:06,0.264
2010-03-21 04:34:43,0.279
2010-03-21 05:47:04,0.257
2010-03-21 08:02:26,0.28
2010-03-21 09:16:51,0.255
2010-03-21 10:41:35,0.277
2010-03-21 11:48:44,0.258
2010-03-21 14:27:55,0.268
2010-03-21 23:48:17,0.28
2010-03-22 03:54:25,0.259
2010-03-22 12:24:14,0.268
2010-03-22 18:12:46,0.276
2010-03-22 22:31:17,0.261
2010-03-23 09:40:34,0.279
2010-03-23 10:45:44,0.259
2010-03-23 20:51:57,0.278
2010-03-23 21:59:11,0.26
2010-03-24 00:03:19,0.258
2010-03-24 01:11:35,0.274
2010-03-24 02:16:49,0.257
2010-03-24 03:45:46,0.271
2010-03-24 11:24:07,0.256
2010-03-24 13:47:57,0.272
2010-03-24 14:52:07,0.271
2010-03-24 22:07:44,0.255
2010-03-25 00:29:33,0.261
2010-03-25 07:09:01,0.267
2010-03-25 08:24:34,0.272
2010-03-25 11:56:44,0.265
2010-03-25 14:56:51,0.274
2010-03-25 17:33:11,0.269
2010-03-25 20:10:28,0.279
2010-03-25 21:28:06,0.254
2010-03-25 22:35:22,0.276
2010-03-26 01:28:18,0.278
2010-03-26 02:32:29,0.276
2010-03-26 03:46:59,0.261
2010-03-26 04:58:24,0.28
2010-03-26 07:41:59,0.254
2010-03-26 10:19:29,0.277
2010-03-26 13:02:09,0.254
2010-03-26 15:45:44,0.271
2010-03-26 17:03:25,0.272
2010-03-26 18:31:26,0.277
2010-03-26 19:54:15,0.262
2010-03-27 04:26:52,0.276
2010-03-27 05:57:02,0.274
2010-03-27 07:09:32,0.255
2010-03-27 10:48:02,0.27
2010-03-27 12:00:32,0.256
2010-03-27 13:30:37,0.257
2010-03-27 14:33:48,0.258
2010-03-27 20:09:24,0.274
2010-03-27 21:39:32,0.278
2010-03-28 01:20:14,0.263
2010-03-28 11:43:47,0.269
2010-03-28 15:28:37,0.255
2010-03-28 16:36:59,0.275
2010-03-28 17:48:29,0.258
2010-03-28 20:14:32,0.268
2010-03-29 01:11:58,0.272
2010-03-29 02:15:14,0.277
2010-03-29 03:22:34,0.276
2010-03-29 08:42:51,0.257
2010-03-29 09:46:02,0.279
2010-03-29 11:16:11,0.27
2010-03-29 20:16:12,0.272
2010-03-29 23:02:35,0.26
2010-03-30 00:17:49,0.257
2010-03-30 01:35:46,0.279
2010-03-30 02:50:27,0.257
2010-03-30 04:19:26,0.278
2010-03-30 05:36:55,0.267
2010-03-30 08:27:56,0.262
2010-03-30 14:41:52,0.28
2010-03-30 16:05:06,0.261
2010-03-30 17:19:42,0.267
2010-03-30 21:26:02,0.266
2010-03-30 22:33:12,0.261
2010-03-30 23:36:10,0.28
2010-03-31 00:58:15,0.254
2010-03-31 03:21:04,0.274
2010-03-31 04:22:53,0.259
2010-03-31 07:03:54,0.274
2010-03-31 09:49:06,0.261
2010-03-31 14:56:17,0.277
2010-03-31 16:06:42,0.267
2010-03-31 19:32:31,0.262
2010-03-31 21:40:25,0.277
2010-03-31 23:11:04,0.255
2010-04-01 00:23:38,0.271
2010-04-01 01:26:38,0.272
2010-04-01 06:39:14,0.27
2010-04-01 07:57:09,0.256
2010-04-01 10:44:40,0.271
2010-04-01 14:38:28,0.261
2010-04-01 18:28:56,0.272
2010-04-01 19:48:57,0.265
2010-04-01 20:57:14,0.279
2010-04-01 22:26:50,0.259
2010-04-01 23:51:02,0.276
2010-04-02 02:13:52,0.262
2010-04-02 04:46:23,0.255
2010-04-02 05:57:52,0.265
2010-04-02 09:21:30,0.255
2010-04-02 10:40:30,0.277
2010-04-02 13:22:41,0.269
2010-04-02 16:15:38,0.257
2010-04-02 17:29:12,0.272
2010-04-02 22:32:19,0.275
2010-04-02 23:37:25,0.265
2010-04-03 03:24:51,0.269
2010-04-03 07:20:43,0.256
2010-04-03 08:47:07,0.275
2010-04-03 10:14:37,0.254
2010-04-03 11:33:38,0.277
2010-04-03 14:10:32,0.268
2010-04-03 18:40:43,0.254
2010-04-03 19:58:41,0.279
2010-04-03 22:09:58,0.266
2010-04-04 01:39:15,0.27
2010-04-04 04:23:33,0.263
2010-04-04 05:41:26,0.27
2010-04-04 10:31:49,0.261
2010-04-04 11:42:21,0.259
2010-04-04 13:06:39,0.256
2010-04-04 14:34:17,0.28
2010-04-04 15:48:00,0.266
2010-04-05 00:45:01,0.27
2010-04-05 03:30:35,0.257
2010-04-05 12:35:21,0.278
2010-04-05 13:49:01,0.255
2010-04-05 14:57:24,0.275
2010-04-05 17:21:32,0.269
2010-04-05 19:43:32,0.258
2010-04-06 01:26:23,0.28
2010-04-06 04:04:31,0.27
2010-04-06 05:09:40,0.256
2010-04-06 09:08:10,0.271
2010-04-06 11:33:24,0.259
2010-04-06 12:38:32,0.275
2010-04-06 18:12:52,0.258
2010-04-06 19:31:54,0.275
2010-04-06 21:57:26,0.264
2010-04-06 23:11:13,0.267
2010-04-07 00:17:35,0.271
2010-04-07 02:44:19,0.256
2010-04-07 05:44:12,0.265
2010-04-07 06:52:48,0.254
2010-04-07 08:18:27,0.274
2010-04-07 10:36:31,0.266
2010-04-07 14:30:42,0.273
2010-04-07 19:11:58,0.255
2010-04-07 20:33:17,0.254
2010-04-07 21:43:59,0.271
2010-04-07 23:10:37,0.256
2010-04-08 05:06:44,0.27
2010-04-08 07:39:46,0.256
2010-04-08 08:41:49,0.277
2010-04-08 09:49:19,0.269
2010-04-08 11:04:09,0.255
2010-04-08 13:46:41,0.269
2010-04-08 16:07:51,0.268
2010-04-08 17:31:12,0.255
2010-04-08 21:15:45,0.274
2010-04-08 23:48:48,0.254
2010-04-09 01:10:12,0.265
2010-04-09 06:33:06,0.256
2010-04-09 07:46:56,0.278
2010-04-09 10:24:11,0.263
2010-04-09 13:00:19,0.26
2010-04-09 15:56:41,0.258
2010-04-09 17:20:06,0.279
2010-04-09 19:48:41,0.259
2010-04-09 23:46:25,0.273
2010-04-10 02:36:37,0.259
2010-04-10 03:48:16,0.274
2010-04-10 04:56:53,0.256
2010-04-10 06:11:47,0.28
2010-04-10 10:29:42,0.278
2010-04-10 11:33:49,0.267
2010-04-10 13:55:06,0.262
2010-04-10 15:20:43,0.26
2010-04-10 16:32:24,0.276
2010-04-10 19:04:29,0.264
2010-04-10 20:12:54,0.28
2010-04-10 23:01:58,0.256
2010-04-11 05:32:38,0.271
2010-04-11 07:02:34,0.255
2010-04-11 08:32:28,0.273
2010-04-11 09:46:16,0.255
2010-04-11 10:55:48,0.268
2010-04-11 17:09:09,0.254
2010-04-11 19:24:00,0.275
2010-04-11 20:26:03,0.279
2010-04-12 01:06:52,0.262
2010-04-12 05:55:01,0.269
2010-04-12 09:31:21,0.254
2010-04-12 10:35:35,0.276
2010-04-12 13:08:46,0.257
2010-04-12 14:12:56,0.26
2010-04-12 20:22:12,0.277
2010-04-12 21:37:04,0.262
2010-04-12 22:56:20,0.276
2010-04-12 23:57:31,0.268
2010-04-13 05:12:21,0.254
2010-04-13 06:15:30,0.276
2010-04-13 11:08:49,0.259
2010-04-13 12:09:48,0.28
2010-04-13 14:42:52,0.259
2010-04-13 15:47:17,0.261
2010-04-14 09:46:30,0.275
2010-04-14 12:07:56,0.254
2010-04-14 13:29:17,0.279
2010-04-14 17:02:25,0.257
2010-04-14 19:24:57,0.278
2010-04-15 00:26:12,0.258
2010-04-15 02:48:47,0.279
2010-04-15 05:17:41,0.257
2010-04-15 06:26:15,0.261
2010-04-15 10:26:38,0.259
2010-04-15 12:57:41,0.277
2010-04-15 14:04:08,0.263
2010-04-15 16:49:06,0.264
2010-04-15 17:58:42,0.276
2010-04-15 18:58:49,0.258
2010-04-16 00:32:23,0.277
2010-04-16 01:39:59,0.266
2010-04-16 06:28:11,0.254
2010-04-16 07:36:53,0.279
2010-04-16 08:56:09,0.256
2010-04-16 12:37:17,0.264
2010-04-16 13:57:50,0.277
2010-04-16 21:16:18,0.255
2010-04-17 00:02:30,0.257
2010-04-17 01:21:50,0.262
2010-04-17 03:56:10,0.256
2010-04-17 09:13:31,0.277
2010-04-17 11:53:06,0.272
2010-04-17 14:11:29,0.27
2010-04-17 15:34:02,0.259
2010-04-17 18:05:11,0.275
2010-04-17 22:50:33,0.277
2010-04-17 23:54:02,0.257
2010-04-18 03:48:48,0.276
2010-04-18 06:34:59,0.259
2010-04-18 07:42:31,0.273
2010-04-18 12:39:30,0.262
2010-04-18 18:33:42,0.261
2010-04-18 19:48:46,0.276
2010-04-18 21:15:37,0.26
2010-04-19 04:26:52,0.277
2010-04-19 10:16:41,0.254
2010-04-19 15:32:04,0.277
2010-04-19 18:02:25,0.254
2010-04-19 21:56:41,0.271
2010-04-19 23:24:46,0.256
2010-04-20 04:42:31,0.276
2010-04-20 06:08:19,0.254
2010-04-20 07:11:37,0.27
2010-04-20 08:31:03,0.255
2010-04-20 13:07:04,0.271
2010-04-20 14:21:07,0.264
2010-04-20 16:50:16,0.269
2010-04-20 19:32:34,0.265
2010-04-20 20:50:55,0.254
2010-04-20 22:21:13,0.269
2010-04-21 00:53:46,0.255
2010-04-21 03:20:58,0.279
2010-04-21 04:37:20,0.264
2010-04-21 11:15:48,0.266
2010-04-21 15:58:14,0.269
2010-04-21 21:23:37,0.26
2010-04-21 22:33:28,0.28
2010-04-22 01:25:22,0.262
2010-04-22 02:46:58,0.268
2010-04-22 10:51:34,0.5
2010-04-22 12:17:35,0.28
2010-04-22 13:46:47,0.256
2010-04-22 14:49:08,0.26
2010-04-22 20:02:57,0.273
2010-04-22 23:43:25,0.4
2010-04-26 01:59:09,0.279
2010-04-26 04:53:40,0.261
2010-04-26 07:27:33,0.278
2010-04-26 08:31:03,0.263
2010-04-26 09:45:25,0.258
2010-04-26 13:50:57,0.26
2010-04-26 14:55:29,0.277
2010-04-26 20:24:08,0.254
2010-04-26 21:50:05,0.262
2010-04-26 23:14:03,0.278
2010-04-27 00:32:44,0.265
2010-04-27 03:17:18,0.28
2010-04-27 04:38:04,0.26
2010-04-27 14:29:35,0.254
2010-04-27 17:17:33,0.271
2010-04-27 20:54:58,0.259
2010-04-27 22:24:14,0.266
2010-04-27 23:42:54,0.28
2010-04-28 00:45:27,0.259
2010-04-28 06:02:59,0.278
2010-04-28 07:09:44,0.256
2010-04-28 08:32:39,0.273
2010-04-28 09:58:53,0.254
2010-04-28 11:13:10,0.265
2010-04-28 12:40:24,0.259
2010-04-28 14:09:41,0.273
2010-04-28 16:47:05,0.257
2010-04-28 17:58:11,0.272
2010-04-28 20:39:48,0.26
2010-04-29 07:45:17,0.279
2010-04-29 11:44:32,0.267
2010-04-29 12:58:01,0.256
2010-04-29 14:12:17,0.269
2010-04-29 18:00:37,0.255
2010-04-29 19:15:04,0.274
2010-04-29 20:19:48,0.27
2010-04-29 23:07:55,0.266
2010-04-30 07:42:57,0.259
2010-04-30 10:21:35,0.276
2010-04-30 11:45:47,0.263
2010-04-30 15:47:16,0.276
2010-04-30 17:08:11,0.271
2010-04-30 20:39:28,0.275
2010-04-30 22:01:28,0.258
2010-05-01 00:31:20,0.28
2010-05-01 04:17:58,0.272
2010-05-01 08:10:04,0.256
2010-05-01 09:14:40,0.273
2010-05-01 11:37:59,0.263
2010-05-01 15:31:53,0.279
2010-05-01 16:51:40,0.275
2010-05-01 23:36:55,0.26
2010-05-02 00:42:39,0.274
2010-05-02 04:09:49,0.277
2010-05-02 06:50:22,0.257
2010-05-02 08:16:37,0.274
2010-05-02 10:58:34,0.258
2010-05-02 12:19:29,0.276
2010-05-02 13:44:40,0.26
2010-05-02 15:49:53,0.266
2010-05-02 20:01:22,0.258
2010-05-03 00:59:13,0.27
2010-05-03 03:48:29,0.256
2010-05-03 05:15:47,0.261
2010-05-03 07:29:47,0.277
2010-05-03 09:49:53,0.259
2010-05-03 11:05:18,0.256
2010-05-03 13:39:46,0.276
2010-05-03 17:43:37,0.259
2010-05-03 21:29:03,0.277
2010-05-03 22:42:27,0.256
2010-05-04 02:21:11,0.274
2010-05-04 03:43:16,0.259
2010-05-04 06:08:58,0.278
2010-05-04 08:16:18,0.262
2010-05-04 10:37:31,0.276
2010-05-04 13:10:55,0.261
2010-05-04 17:18:58,0.276
2010-05-04 19:58:51,0.279
2010-05-04 23:50:50,0.28
2010-05-05 02:12:12,0.265
2010-05-05 07:01:26,0.28
2010-05-05 08:31:02,0.268
2010-05-05 20:37:20,0.264
2010-05-06 02:20:31,0.257
2010-05-06 06:31:59,0.259
2010-05-06 09:18:14,0.277
2010-05-06 10:25:07,0.262
2010-05-06 11:28:48,0.264
2010-05-06 16:13:42,0.278
2010-05-06 20:03:35,0.27
2010-05-07 02:23:54,0.267
2010-05-07 18:11:52,0.259
2010-05-07 19:17:50,0.274
2010-05-07 21:52:07,0.258
2010-05-07 22:55:52,0.269
2010-05-08 02:29:38,0.277
2010-05-08 04:00:16,0.272
2010-05-08 10:46:24,0.254
2010-05-08 12:07:24,0.259
2010-05-08 13:09:06,0.265
2010-05-08 17:04:37,0.279
2010-05-08 19:48:47,0.265
2010-05-08 23:34:23,0.268
2010-05-09 02:26:27,0.257
2010-05-09 06:23:11,0.275
2010-05-09 07:42:10,0.257
2010-05-09 09:06:27,0.271
2010-05-09 10:28:30,0.267
2010-05-09 19:28:03,0.264
2010-05-09 20:38:23,0.263
2010-05-09 22:06:03,0.278
2010-05-10 02:57:48,0.261
2010-05-10 05:47:19,0.262
2010-05-10 09:46:16,0.277
2010-05-10 12:33:48,0.263
2010-05-10 19:42:49,0.272
2010-05-10 20:57:23,0.266
2010-05-10 23:13:33,0.271
2010-05-11 06:43:27,0.255
2010-05-11 12:10:02,0.266
2010-05-11 16:01:40,0.254
2010-05-11 17:16:21,0.257
2010-05-11 19:26:08,0.273
2010-05-11 20:27:45,0.258
2010-05-11 22:43:03,0.279
2010-05-11 23:51:17,0.255
2010-05-12 00:53:58,0.265
2010-05-12 06:37:58,0.264
2010-05-12 11:16:58,0.267
2010-05-12 14:57:40,0.259
2010-05-12 16:00:18,0.275
2010-05-12 17:24:43,0.268
2010-05-12 21:31:13,0.279
2010-05-13 00:07:03,0.27
2010-05-13 04:13:38,0.257
2010-05-13 05:20:44,0.278
2010-05-13 10:11:44,0.262
2010-05-13 14:20:37,0.277
2010-05-13 16:57:28,0.256
2010-05-13 18:17:32,0.273
2010-05-13 19:19:10,0.269
2010-05-14 01:55:15,0.256
2010-05-14 08:11:49,0.28
2010-05-14 09:25:21,0.262
2010-05-14 13:10:33,0.278
2010-05-14 15:56:09,0.266
2010-05-14 17:25:02,0.274
2010-05-14 20:03:09,0.26
2010-05-15 02:31:51,0.274
2010-05-15 03:56:22,0.255
2010-05-15 05:15:19,0.267
2010-05-15 06:37:49,0.279
2010-05-15 07:46:05,0.258
2010-05-15 10:10:14,0.279
2010-05-15 12:28:53,0.263
2010-05-15 21:51:59,0.259
2010-05-16 01:20:06,0.274
2010-05-16 03:48:29,0.28
2010-05-16 05:10:45,0.267
2010-05-16 10:25:57,0.265
2010-05-16 13:10:38,0.268
2010-05-16 14:20:18,0.264
2010-05-16 19:08:42,0.275
2010-05-16 20:19:01,0.255
2010-05-16 21:35:50,0.271
2010-05-17 08:12:14,0.254
2010-05-17 10:24:26,0.279
2010-05-17 14:24:02,0.255
2010-05-17 15:26:56,0.28
2010-05-17 17:59:49,0.269
2010-05-17 21:58:15,0.276
2010-05-17 23:01:00,0.262
2010-05-18 00:10:27,0.278
2010-05-18 05:23:58,0.271
2010-05-18 08:11:09,0.256
2010-05-18 10:55:57,0.275
2010-05-18 11:57:45,0.28
2010-05-18 14:12:09,0.26
2010-05-18 15:24:43,0.267
2010-05-18 17:52:13,0.277
2010-05-18 19:10:24,0.269
2010-05-18 21:25:57,0.254
2010-05-19 01:20:08,0.269
2010-05-19 03:38:57,0.27
2010-05-19 04:51:35,0.254
2010-05-19 05:55:30,0.266
2010-05-20 00:51:25,0.263
2010-05-20 03:25:45,0.275
2010-05-20 06:07:32,0.257
2010-05-20 08:56:06,0.258
2010-05-20 17:28:49,0.265
2010-05-20 18:49:06,0.268
2010-05-20 20:07:17,0.266
2010-05-20 21:37:22,0.262
2010-05-20 22:58:49,0.267
2010-05-21 01:14:33,0.259
2010-05-21 04:47:30,0.28
2010-05-21 06:07:54,0.263
2010-05-21 07:21:40,0.277
2010-05-21 10:07:53,0.257
2010-05-21 11:33:37,0.271
2010-05-21 15:28:19,0.255
2010-05-21 19:26:01,0.269
2010-05-21 20:44:10,0.26
2010-05-22 00:17:10,0.279
2010-05-22 04:28:02,0.264
2010-05-22 06:54:38,0.278
2010-05-22 09:11:22,0.257
2010-05-22 10:39:22,0.26
2010-05-22 13:21:16,0.258
2010-05-22 15:54:31,0.263
2010-05-22 17:09:25,0.279
2010-05-22 18:14:33,0.26
2010-05-22 19:32:41,0.274
2010-05-22 20:57:21,0.256
2010-05-22 22:21:03,0.272
2010-05-22 23:49:09,0.264
2010-05-23 00:54:16,0.263
2010-05-23 02:04:51,0.273
2010-05-23 04:22:36,0.258
2010-05-23 08:14:02,0.276
2010-05-23 09:40:54,0.257
2010-05-23 10:51:30,0.276
2010-05-23 12:06:36,0.259
2010-05-23 14:57:09,0.279
2010-05-23 20:51:39,0.256
2010-05-23 22:03:19,0.254
2010-05-23 23:06:29,0.261
2010-05-24 00:13:51,0.28
2010-05-24 01:22:19,0.273
2010-05-24 03:52:17,0.255
2010-05-24 06:27:44,0.275
2010-05-24 07:28:31,0.258
2010-05-24 08:49:00,0.261
2010-05-24 10:19:12,0.279
2010-05-24 15:45:25,0.262
2010-05-24 16:52:50,0.27
2010-05-24 21:59:24,0.257
2010-05-25 00:40:47,0.277
2010-05-25 01:42:47,0.258
2010-05-25 04:21:35,0.28
2010-05-25 05:38:46,0.263
2010-05-25 06:44:01,0.264
2010-05-25 12:35:42,0.259
2010-05-25 13:43:15,0.28
2010-05-25 16:33:07,0.263
2010-05-26 05:51:42,0.267
2010-05-26 17:42:10,0.26
2010-05-26 21:35:27,0.277
2010-05-26 23:56:01,0.255
2010-05-27 03:49:04,0.27
2010-05-27 05:06:20,0.254
2010-05-27 08:00:44,0.269
2010-05-27 13:05:55,0.255
2010-05-27 16:03:46,0.278
2010-05-27 17:04:46,0.262
2010-05-27 19:48:09,0.277
2010-05-27 20:51:24,0.27
2010-05-27 22:19:39,0.26
2010-05-28 01:01:06,0.275
2010-05-28 03:33:41,0.26
2010-05-28 07:07:21,0.273
2010-05-28 09:33:14,0.255
2010-05-28 10:47:16,0.264
2010-05-28 12:15:29,0.279
2010-05-28 13:18:46,0.254
2010-05-28 15:44:52,0.264
2010-05-28 16:55:42,0.268
2010-05-28 18:16:16,0.264
2010-05-29 00:11:28,0.28
2010-05-29 02:38:29,0.255
2010-05-29 06:10:00,0.277
2010-05-29 08:42:35,0.264
2010-05-29 11:29:22,0.279
2010-05-29 12:51:07,0.265
2010-05-30 04:01:21,0.26
2010-05-30 06:43:43,0.264
2010-05-30 08:09:48,0.272
2010-05-30 12:30:04,0.271
2010-05-30 13:58:23,0.255
2010-05-30 16:43:04,0.28
2010-05-30 17:51:42,0.265
2010-05-31 01:40:41,0.266
2010-05-31 02:55:47,0.263
2010-05-31 04:07:46,0.28
2010-05-31 06:51:20,0.267
2010-05-31 14:40:54,0.274
2010-05-31 17:36:19,0.255
2010-05-31 20:05:50,0.254
2010-05-31 21:12:19,0.279
2010-05-31 22:36:18,0.276
2010-05-31 23:56:53,0.273
2010-06-01 01:00:07,0.275
2010-06-01 02:14:20,0.274
2010-06-01 04:30:44,0.257
2010-06-01 05:47:00,0.271
2010-06-01 06:59:06,0.267
2010-06-01 17:07:41,0.279
2010-06-01 21:09:42,0.264
2010-06-01 22:19:39,0.27
2010-06-02 04:47:51,0.264
2010-06-02 18:36:09,0.254
2010-06-02 23:55:47,0.269
2010-06-03 02:31:51,0.272
2010-06-03 03:41:39,0.28
2010-06-03 07:30:41,0.265
2010-06-03 09:57:59,0.264
2010-06-03 11:01:19,0.266
2010-06-03 12:29:52,0.254
2010-06-03 13:54:59,0.268
2010-06-03 17:46:19,0.271
2010-06-03 22:23:28,0.255
2010-06-03 23:48:31,0.269
2010-06-04 02:26:46,0.256
2010-06-04 03:56:14,0.277
2010-06-04 05:02:56,0.27
2010-06-04 10:18:14,0.254
2010-06-04 13:50:50,0.279
2010-06-04 14:51:59,0.266
2010-06-04 16:13:48,0.261
2010-06-04 18:20:34,0.28
2010-06-04 22:19:25,0.263
2010-06-05 00:44:22,0.28
2010-06-05 01:58:27,0.259
2010-06-05 03:00:37,0.262
2010-06-05 05:23:52,0.276
2010-06-05 06:46:48,0.275
2010-06-05 12:04:18,0.269
2010-06-05 17:08:48,0.259
2010-06-05 18:23:58,0.255
2010-06-05 21:01:11,0.274
2010-06-06 03:09:22,0.254
2010-06-06 04:19:17,0.272
2010-06-06 07:53:07,0.255
2010-06-06 09:13:50,0.274
2010-06-06 15:51:09,0.258
2010-06-06 17:10:49,0.28
2010-06-06 19:24:05,0.256
2010-06-06 20:48:10,0.267
2010-06-07 05:44:14,0.271
2010-06-07 08:08:24,0.263
2010-06-07 09:11:51,0.264
2010-06-07 11:48:01,0.266
2010-06-07 14:26:30,0.26
2010-06-07 15:37:27,0.28
2010-06-07 16:43:02,0.271
2010-06-07 19:08:20,0.257
2010-06-08 00:13:20,0.265
2010-06-08 04:52:02,0.261
2010-06-08 05:58:42,0.274
2010-06-08 07:08:41,0.256
2010-06-08 08:39:22,0.277
2010-06-08 12:43:11,0.274
2010-06-08 14:00:50,0.259
2010-06-08 15:03:10,0.279
2010-06-08 16:24:17,0.268
2010-06-08 19:57:35,0.272
2010-06-08 21:11:57,0.257
2010-06-08 23:53:48,0.276
2010-06-09 01:11:35,0.266
2010-06-09 03:30:35,0.263
2010-06-09 07:08:19,0.256
2010-06-09 10:20:59,0.28
2010-06-09 11:31:09,0.267
2010-06-09 14:20:53,0.254
2010-06-09 15:44:04,0.279
2010-06-09 16:55:12,0.259
2010-06-09 19:33:11,0.269
2010-06-10 12:38:44,0.276
2010-06-10 14:02:06,0.274
2010-06-10 15:13:18,0.256
2010-06-10 16:16:48,0.255
2010-06-10 19:05:47,0.272
2010-06-10 22:01:17,0.257
2010-06-10 23:28:49,0.274
2010-06-11 02:04:39,0.258
2010-06-11 04:15:03,0.274
2010-06-11 05:44:54,0.272
2010-06-11 08:15:27,0.259
2010-06-11 11:59:41,0.278
2010-06-11 13:07:33,0.259
2010-06-11 18:28:56,0.278
2010-06-11 22:21:46,0.267
2010-06-11 23:47:13,0.273
2010-06-12 05:04:23,0.27
2010-06-12 07:39:12,0.254
2010-06-12 09:04:59,0.263
2010-06-12 10:22:53,0.275
2010-06-12 11:39:44,0.254
2010-06-12 12:44:25,0.275
2010-06-12 15:35:29,0.261
2010-06-12 21:48:44,0.26
2010-06-12 22:56:51,0.255
2010-06-13 01:48:18,0.277
2010-06-13 06:36:46,0.26
2010-06-13 09:07:15,0.28
2010-06-13 11:35:23,0.259
2010-06-13 12:52:13,0.275
2010-06-13 13:54:49,0.254
2010-06-13 15:10:32,0.276
2010-06-13 16:30:33,0.256
2010-06-13 17:33:06,0.273
2010-06-13 18:55:33,0.259
2010-06-13 22:47:26,0.275
2010-06-14 06:56:10,0.26
2010-06-14 10:43:21,0.273
2010-06-14 12:01:24,0.27
2010-06-14 13:22:40,0.269
2010-06-14 15:45:31,0.254
2010-06-14 17:09:58,0.271
2010-06-14 18:16:52,0.257
2010-06-14 19:45:50,0.28
2010-06-15 02:08:35,0.265
2010-06-15 07:18:20,0.27
2010-06-15 11:50:57,0.255
2010-06-15 12:53:36,0.272
2010-06-15 14:15:08,0.275
2010-06-15 15:37:35,0.26
2010-06-15 16:43:36,0.265
2010-06-15 21:34:59,0.269
2010-06-15 22:54:05,0.254
2010-06-16 00:06:43,0.272
2010-06-16 01:23:49,0.276
2010-06-16 02:31:00,0.255
2010-06-16 03:40:28,0.271
2010-06-16 04:45:25,0.274
2010-06-16 06:48:40,0.257
2010-06-16 07:52:35,0.262
2010-06-16 08:54:13,0.277
2010-06-16 11:20:20,0.271
2010-06-16 15:03:08,0.257
2010-06-16 16:14:33,0.271
2010-06-16 18:48:52,0.266
2010-06-16 21:08:51,0.254
2010-06-16 23:42:09,0.278
2010-06-17 00:51:39,0.254
2010-06-17 02:07:36,0.276
2010-06-17 03:19:09,0.262
2010-06-17 05:54:25,0.259
2010-06-17 07:23:26,0.278
2010-06-17 11:09:14,0.274
2010-06-17 12:11:04,0.256
2010-06-17 16:10:52,0.27
2010-06-17 19:55:52,0.254
2010-06-17 21:07:21,0.273
2010-06-18 02:30:09,0.258
2010-06-18 05:16:50,0.278
2010-06-18 09:10:24,0.262
2010-06-18 17:35:45,0.277
2010-06-18 18:52:51,0.254
2010-06-18 20:19:36,0.267
2010-06-18 22:38:21,0.268
2010-06-19 00:58:20,0.273
2010-06-19 03:32:36,0.256
2010-06-19 04:39:41,0.273
2010-06-19 08:21:03,0.258
2010-06-19 09:23:54,0.271
2010-06-19 10:38:50,0.264
2010-06-19 21:33:03,0.256
2010-06-19 22:35:58,0.27
2010-06-19 23:55:22,0.256
2010-06-20 07:28:30,0.274
2010-06-20 09:45:11,0.256
2010-06-20 12:16:16,0.274
2010-06-20 13:29:00,0.255
2010-06-20 16:20:50,0.27
2010-06-20 22:32:47,0.259
2010-06-20 23:54:17,0.265
2010-06-21 02:13:30,0.269
2010-06-21 04:59:55,0.254
2010-06-21 07:27:42,0.27
2010-06-21 16:06:54,0.279
2010-06-21 18:54:36,0.268
2010-06-22 05:59:56,0.275
2010-06-22 08:20:10,0.271
2010-06-22 09:28:29,0.254
2010-06-22 15:36:50,0.255
2010-06-22 18:12:37,0.279
2010-06-22 19:18:55,0.261
2010-06-22 22:02:00,0.255
2010-06-22 23:03:42,0.273
2010-06-23 01:26:11,0.268
2010-06-23 02:40:06,0.279
2010-06-23 03:48:34,0.261
2010-06-23 05:03:33,0.272
2010-06-23 07:25:47,0.276
2010-06-23 10:02:41,0.255
2010-06-23 12:18:14,0.254
2010-06-23 14:28:21,0.28
2010-06-23 15:29:01,0.258
2010-06-23 16:56:10,0.277
2010-06-23 19:09:40,0.254
2010-06-23 21:22:05,0.269
2010-06-24 01:00:53,0.279
2010-06-24 02:14:49,0.265
2010-06-24 03:23:32,0.273
2010-06-24 05:42:39,0.265
2010-06-24 09:46:20,0.276
2010-06-24 14:41:06,0.263
2010-06-24 21:18:01,0.28
2010-06-24 23:45:56,0.264
2010-06-25 01:02:07,0.258
2010-06-25 04:29:40,0.279
2010-06-25 05:41:12,0.262
2010-06-25 07:00:43,0.264
2010-06-25 09:17:33,0.278
2010-06-25 10:22:39,0.255
2010-06-25 15:25:30,0.277
2010-06-25 16:52:45,0.257
2010-06-25 18:15:37,0.276
2010-06-26 00:36:47,0.26
2010-06-26 03:18:05,0.277
2010-06-26 05:54:58,0.262
2010-06-26 11:16:25,0.254
2010-06-26 12:31:48,0.274
2010-06-26 13:55:48,0.26
2010-06-26 15:18:26,0.279
2010-06-26 19:06:00,0.273
2010-06-26 20:09:02,0.255
2010-06-27 00:09:46,0.269
2010-06-27 01:20:34,0.256
2010-06-27 02:35:43,0.279
2010-06-27 05:09:25,0.258
2010-06-27 06:21:27,0.274
2010-06-27 10:12:30,0.258
2010-06-27 17:42:23,0.278
2010-06-27 20:11:37,0.26
2010-06-27 21:41:09,0.274
2010-06-27 23:08:32,0.256
2010-06-28 01:27:41,0.271
2010-06-28 06:15:18,0.254
2010-06-28 07:23:51,0.273
2010-06-28 08:42:27,0.268
2010-06-28 09:44:25,0.28
2010-06-28 10:52:53,0.255
2010-06-28 20:07:51,0.28
2010-06-28 22:40:31,0.266
2010-06-28 23:57:50,0.27
2010-06-29 01:13:05,0.273
2010-06-29 02:40:39,0.258
2010-06-29 03:49:12,0.255
2010-06-29 07:32:31,0.274
2010-06-29 08:37:35,0.257
2010-06-29 22:40:15,0.272
2010-06-30 01:14:54,0.273
2010-06-30 02:21:15,0.257
2010-06-30 03:50:36,0.278
2010-06-30 05:16:53,0.261
2010-06-30 06:21:09,0.264
2010-06-30 10:18:02,0.277
2010-06-30 14:03:40,0.262
2010-07-01 00:49:18,0.278
2010-07-01 01:57:55,0.259
2010-07-01 06:14:38,0.28
2010-07-01 07:26:30,0.259
2010-07-01 08:33:59,0.279
2010-07-01 12:10:40,0.263
2010-07-01 15:38:59,0.28
2010-07-01 16:46:38,0.26
2010-07-01 20:42:52,0.267
2010-07-02 11:27:10,0.255
2010-07-02 13:43:09,0.257
2010-07-02 16:08:09,0.274
2010-07-02 21:12:37,0.268
2010-07-03 00:45:56,0.267
2010-07-03 02:15:43,0.277
2010-07-03 05:00:32,0.262
2010-07-03 06:11:28,0.273
2010-07-03 07:23:18,0.254
2010-07-03 08:41:53,0.27
2010-07-03 09:51:46,0.277
2010-07-03 11:02:40,0.257
2010-07-03 12:04:36,0.28
2010-07-03 14:40:55,0.256
2010-07-03 22:25:46,0.276
2010-07-03 23:52:15,0.273
2010-07-04 01:08:43,0.259
2010-07-04 06:00:45,0.273
2010-07-04 08:41:11,0.257
2010-07-04 22:49:26,0.276
2010-07-04 23:53:39,0.257
2010-07-05 01:14:24,0.277
2010-07-05 03:49:28,0.255
2010-07-05 05:10:14,0.274
2010-07-05 08:30:44,0.259
2010-07-05 13:07:50,0.276
2010-07-05 14:16:41,0.272
2010-07-05 16:36:34,0.265
2010-07-05 19:12:38,0.269
2010-07-05 20:34:32,0.255
2010-07-05 21:53:03,0.269
2010-07-06 08:22:50,0.272
2010-07-06 09:42:17,0.269
2010-07-06 13:18:32,0.254
2010-07-06 15:40:20,0.27
2010-07-06 16:51:16,0.257
2010-07-06 22:42:22,0.276
2010-07-07 01:10:13,0.258
2010-07-07 02:36:39,0.266
2010-07-07 06:57:15,0.278
2010-07-07 07:59:19,0.26
2010-07-07 09:22:27,0.257
2010-07-07 10:32:16,0.266
2010-07-08 04:20:03,0.256
2010-07-08 06:34:50,0.271
2010-07-08 08:00:40,0.258
2010-07-08 13:06:06,0.275
2010-07-08 14:11:28,0.259
2010-07-08 15:29:11,0.279
2010-07-08 19:33:57,0.263
2010-07-09 01:43:40,0.277
2010-07-09 02:47:32,0.254
2010-07-09 06:40:03,0.272
2010-07-09 08:47:39,0.268
2010-07-09 11:24:28,0.269
2010-07-09 14:10:52,0.263
2010-07-09 18:29:04,0.279
2010-07-09 19:38:14,0.259
2010-07-09 21:44:29,0.263
2010-07-10 02:11:11,0.274
2010-07-10 03:37:20,0.264
2010-07-10 07:04:33,0.28
2010-07-10 08:08:35,0.265
2010-07-10 15:55:38,0.28
2010-07-10 18:12:55,0.26
2010-07-10 21:44:02,0.277
2010-07-10 22:50:39,0.258
2010-07-10 23:52:09,0.279
2010-07-11 02:23:58,0.27
2010-07-11 07:46:53,0.254
2010-07-11 10:29:50,0.259
2010-07-11 11:39:22,0.269
2010-07-11 12:50:53,0.278
2010-07-11 13:57:50,0.266
2010-07-12 16:16:57,0.271
2010-07-12 18:35:59,0.257
2010-07-12 22:29:55,0.271
2010-07-12 23:53:33,0.278
2010-07-13 01:22:02,0.267
2010-07-13 08:19:46,0.26
2010-07-13 09:27:13,0.276
2010-07-13 13:14:06,0.274
2010-07-13 14:39:41,0.256
2010-07-13 15:40:18,0.254
2010-07-13 21:05:03,0.272
2010-07-13 22:15:16,0.279
2010-07-13 23:27:16,0.258
2010-07-14 00:51:03,0.263
2010-07-14 03:20:11,0.277
2010-07-14 04:41:42,0.275
2010-07-14 07:00:35,0.254
2010-07-14 09:26:25,0.274
2010-07-14 10:39:44,0.27
2010-07-14 13:10:45,0.274
2010-07-14 14:16:22,0.266
2010-07-14 15:27:19,0.275
2010-07-14 16:52:07,0.259
2010-07-14 18:12:36,0.257
2010-07-14 19:40:43,0.255
2010-07-14 20:49:44,0.276
2010-07-14 22:07:16,0.255
2010-07-14 23:13:36,0.279
2010-07-15 01:41:30,0.272
2010-07-15 04:05:40,0.258
2010-07-15 06:18:06,0.26
2010-07-15 07:47:06,0.276
2010-07-15 09:09:14,0.262
2010-07-15 12:46:05,0.267
2010-07-15 15:23:34,0.256
2010-07-15 16:24:37,0.275
2010-07-15 17:29:09,0.255
2010-07-15 19:54:08,0.277
2010-07-15 21:14:38,0.262
2010-07-15 22:43:22,0.28
2010-07-16 03:40:57,0.266
2010-07-16 06:00:36,0.276
2010-07-16 07:16:19,0.255
2010-07-16 08:45:14,0.28
2010-07-16 09:54:56,0.262
2010-07-16 15:14:11,0.28
2010-07-16 16:31:40,0.256
2010-07-16 17:37:13,0.274
2010-07-16 22:29:03,0.273
2010-07-16 23:49:34,0.254
2010-07-17 01:03:46,0.279
2010-07-17 02:31:39,0.262
2010-07-17 03:45:49,0.279
2010-07-17 06:41:23,0.262
2010-07-17 08:11:58,0.277
2010-07-17 09:34:14,0.254
2010-07-17 11:58:56,0.277
2010-07-17 14:28:02,0.275
2010-07-17 19:40:28,0.254
2010-07-17 22:14:37,0.273
2010-07-17 23:22:51,0.277
2010-07-18 11:23:35,0.263
2010-07-18 12:51:48,0.256
2010-07-18 15:17:39,0.278
2010-07-18 16:44:27,0.26
2010-07-18 19:29:55,0.255
2010-07-18 21:52:38,0.277
2010-07-19 02:41:55,0.271
2010-07-19 04:00:02,0.274
2010-07-19 06:14:13,0.272
2010-07-19 07:16:20,0.275
2010-07-19 09:33:35,0.267
2010-07-19 21:14:31,0.275
2010-07-19 22:43:12,0.256
2010-07-19 23:44:02,0.278
2010-07-20 01:07:16,0.277
2010-07-20 02:35:33,0.264
2010-07-20 05:06:08,0.28
2010-07-20 06:08:03,0.254
2010-07-20 09:33:48,0.269
2010-07-20 10:59:20,0.259
2010-07-20 13:13:53,0.274
2010-07-20 16:05:21,0.278
2010-07-20 20:32:40,0.273
2010-07-20 21:43:31,0.259
2010-07-20 22:54:12,0.264
2010-07-21 02:45:30,0.268
2010-07-21 13:46:36,0.255
2010-07-21 15:14:51,0.271
2010-07-21 17:46:06,0.257
2010-07-21 20:23:12,0.28
2010-07-21 21:24:05,0.262
2010-07-22 00:44:16,0.279
2010-07-22 02:01:11,0.263
2010-07-22 07:15:38,0.257
2010-07-22 12:18:42,0.275
2010-07-22 17:55:20,0.257
2010-07-22 19:18:28,0.278
2010-07-22 20:41:00,0.254
2010-07-22 22:58:29,0.275
2010-07-23 04:17:09,0.269
2010-07-23 05:33:00,0.274
2010-07-23 07:56:56,0.258
2010-07-23 09:20:40,0.272
2010-07-23 10:38:53,0.258
2010-07-23 13:16:11,0.261
2010-07-23 14:20:36,0.259
2010-07-23 16:38:20,0.271
2010-07-23 17:54:27,0.261
2010-07-23 19:11:20,0.256
2010-07-23 20:35:43,0.276
2010-07-23 21:40:18,0.274
2010-07-23 22:58:33,0.256
2010-07-24 00:25:57,0.277
2010-07-24 01:35:36,0.262
2010-07-24 03:48:10,0.264
2010-07-24 08:40:15,0.278
2010-07-24 11:22:27,0.257
2010-07-24 12:38:41,0.261
2010-07-24 21:07:04,0.267
2010-07-25 00:58:03,0.278
2010-07-25 05:59:25,0.259
2010-07-25 12:31:50,0.254
2010-07-25 13:37:34,0.263
2010-07-25 15:40:13,0.257
2010-07-25 16:58:35,0.277
2010-07-25 18:24:32,0.263
2010-07-26 02:35:58,0.278
2010-07-26 04:00:49,0.265
2010-07-26 05:10:48,0.273
2010-07-26 06:31:58,0.256
2010-07-26 07:58:23,0.28
2010-07-26 09:05:43,0.259
2010-07-26 10:11:55,0.268
2010-07-26 12:47:10,0.256
2010-07-26 15:28:32,0.273
2010-07-26 16:39:47,0.254
2010-07-26 17:46:28,0.269
2010-07-26 19:04:13,0.258
2010-07-26 20:08:10,0.276
2010-07-26 22:40:02,0.254
2010-07-27 01:04:29,0.274
2010-07-27 02:30:04,0.258
2010-07-27 03:58:12,0.272
2010-07-27 06:43:10,0.28
2010-07-27 08:00:15,0.264
2010-07-27 11:39:32,0.278
2010-07-27 14:18:11,0.26
2010-07-27 18:34:15,0.271
2010-07-27 19:44:40,0.255
2010-07-27 22:08:24,0.256
2010-07-28 00:35:53,0.27
2010-07-28 01:46:27,0.255
2010-07-28 02:49:04,0.269
2010-07-28 03:58:21,0.255
2010-07-28 08:48:56,0.273
2010-07-28 14:58:36,0.254
2010-07-28 16:10:45,0.269
2010-07-28 18:20:43,0.263
2010-07-28 22:21:51,0.259
2010-07-29 02:20:51,0.264
2010-07-29 07:18:53,0.257
2010-07-29 09:26:45,0.276
2010-07-29 10:35:17,0.268
2010-07-29 15:10:37,0.256
2010-07-29 16:28:22,0.267
2010-07-30 02:32:46,0.254
2010-07-30 03:34:04,0.279
2010-07-30 05:03:51,0.261
2010-07-30 06:21:59,0.276
2010-07-30 09:08:10,0.261
2010-07-30 10:13:13,0.276
2010-07-30 13:00:20,0.259
2010-07-30 14:18:22,0.274
2010-07-30 15:33:47,0.259
2010-07-30 17:00:16,0.274
2010-07-30 19:31:11,0.273
2010-07-30 20:38:39,0.266
2010-07-30 21:43:50,0.265
2010-07-31 00:24:50,0.26
2010-07-31 01:52:23,0.272
2010-07-31 03:00:26,0.261
2010-07-31 05:33:26,0.278
2010-07-31 10:23:11,0.258
2010-07-31 11:27:09,0.267
2010-07-31 16:34:26,0.271
2010-07-31 19:14:27,0.265
2010-08-01 01:39:52,0.255
2010-08-01 03:07:23,0.27
2010-08-01 07:50:40,0.273
2010-08-01 14:08:08,0.258
2010-08-01 15:21:16,0.26
2010-08-01 18:46:31,0.278
2010-08-01 22:49:38,0.256
2010-08-01 23:52:32,0.277
2010-08-02 01:04:54,0.262
2010-08-02 14:28:28,0.271
2010-08-02 15:37:00,0.265
2010-08-02 17:51:39,0.254
2010-08-02 19:17:46,0.271
2010-08-02 21:35:12,0.257
2010-08-03 00:02:48,0.279
2010-08-03 01:29:57,0.255
2010-08-03 02:57:20,0.269
2010-08-03 07:00:22,0.254
2010-08-03 08:17:15,0.278
2010-08-03 09:43:24,0.255
2010-08-03 11:11:52,0.269
2010-08-03 12:29:42,0.255
2010-08-03 13:44:51,0.26
2010-08-03 16:05:35,0.255
2010-08-03 23:09:30,0.276
2010-08-04 00:22:59,0.255
2010-08-04 01:35:59,0.269
2010-08-04 08:10:42,0.255
2010-08-04 09:32:16,0.27
2010-08-04 13:23:37,0.265
2010-08-04 21:03:50,0.279
2010-08-04 22:14:45,0.259
2010-08-05 00:47:14,0.278
2010-08-05 02:04:54,0.263
2010-08-05 07:31:32,0.28
2010-08-05 08:49:15,0.265
2010-08-05 18:43:00,0.279
2010-08-06 00:07:10,0.273
2010-08-06 17:53:46,0.259
2010-08-06 19:20:52,0.258
2010-08-06 21:52:16,0.272
2010-08-07 01:34:39,0.257
2010-08-07 03:46:03,0.276
2010-08-07 04:48:36,0.261
2010-08-07 09:53:50,0.273
2010-08-07 11:11:19,0.261
2010-08-07 12:28:41,0.28
2010-08-07 13:33:01,0.256
2010-08-07 17:35:37,0.275
2010-08-07 18:48:07,0.261
2010-08-07 21:13:41,0.277
2010-08-07 22:31:34,0.265
2010-08-08 00:48:17,0.273
2010-08-08 01:56:26,0.257
2010-08-08 03:23:41,0.269
2010-08-08 04:35:33,0.255
2010-08-08 05:59:49,0.275
2010-08-08 07:08:13,0.259
2010-08-08 09:56:26,0.258
2010-08-08 11:06:16,0.279
2010-08-08 12:31:57,0.264
2010-08-08 14:46:16,0.263
2010-08-08 20:19:17,0.264
2010-08-08 22:38:16,0.27
2010-08-09 00:02:30,0.256
2010-08-09 01:08:05,0.262
2010-08-09 04:42:35,0.263
2010-08-09 06:10:56,0.264
2010-08-09 12:25:55,0.266
2010-08-09 14:41:26,0.269
2010-08-09 15:50:55,0.255
2010-08-09 18:14:17,0.27
2010-08-09 22:13:44,0.273
2010-08-10 05:42:58,0.255
2010-08-10 07:04:33,0.269
2010-08-10 09:15:52,0.279
2010-08-10 10:32:05,0.272
2010-08-10 11:48:34,0.279
2010-08-10 14:21:20,0.262
2010-08-10 16:52:13,0.28
2010-08-10 18:21:57,0.271
2010-08-10 19:25:01,0.257
2010-08-10 20:34:47,0.275
2010-08-11 00:30:00,0.26
2010-08-11 01:57:14,0.277
2010-08-11 03:25:38,0.256
2010-08-11 04:45:02,0.275
2010-08-11 09:47:04,0.266
2010-08-11 12:11:47,0.258
2010-08-11 13:14:30,0.277
2010-08-11 14:29:43,0.266
2010-08-11 22:26:07,0.255
2010-08-12 03:19:50,0.267
2010-08-12 06:00:38,0.254
2010-08-12 07:11:49,0.277
2010-08-12 08:13:14,0.259
2010-08-12 09:21:08,0.262
2010-08-12 10:50:11,0.257
2010-08-12 12:10:25,0.274
2010-08-12 13:15:00,0.26
2010-08-12 16:40:51,0.256
2010-08-12 19:05:36,0.273
2010-08-12 21:46:33,0.254
2010-08-13 00:32:13,0.268
2010-08-13 09:01:19,0.28
2010-08-13 11:21:53,0.262
2010-08-13 19:21:34,0.274
2010-08-14 03:01:23,0.272
2010-08-14 04:11:37,0.274
2010-08-14 05:40:04,0.257
2010-08-14 08:25:46,0.275
2010-08-14 12:21:00,0.255
2010-08-14 13:45:41,0.261
2010-08-14 17:34:11,0.27
2010-08-14 20:09:43,0.256
2010-08-14 21:21:55,0.27
2010-08-14 23:58:55,0.254
2010-08-15 01:20:03,0.278
2010-08-15 05:20:30,0.255
2010-08-15 09:20:12,0.276
2010-08-15 10:44:41,0.255
2010-08-15 15:41:38,0.276
2010-08-15 17:09:52,0.256
2010-08-15 18:11:22,0.254
2010-08-15 22:02:39,0.275
2010-08-15 23:19:10,0.261
2010-08-16 05:13:55,0.28
2010-08-16 07:31:36,0.26
2010-08-16 09:50:27,0.277
2010-08-16 11:01:30,0.267
2010-08-16 16:13:10,0.265
2010-08-16 18:43:54,0.274
2010-08-16 21:11:04,0.26
2010-08-16 23:38:44,0.28
2010-08-17 00:43:15,0.255
2010-08-17 02:11:30,0.262
2010-08-17 03:21:12,0.28
2010-08-17 04:31:22,0.263
2010-08-17 08:15:34,0.265
2010-08-17 13:03:48,0.255
2010-08-17 14:17:24,0.262
2010-08-17 15:33:36,0.255
2010-08-17 18:15:12,0.279
2010-08-17 19:27:44,0.268
2010-08-17 20:44:13,0.267
2010-08-17 22:54:09,0.269
2010-08-18 00:02:40,0.254
2010-08-18 01:29:51,0.275
2010-08-18 04:19:04,0.261
2010-08-18 05:38:04,0.26
2010-08-18 06:58:32,0.259
2010-08-18 15:36:55,0.27
2010-08-18 17:56:31,0.256
2010-08-18 19:23:41,0.271
2010-08-18 20:28:12,0.274
2010-08-18 21:30:20,0.265
2010-08-18 22:33:10,0.256
2010-08-19 00:43:20,0.277
2010-08-19 03:12:35,0.272
2010-08-19 05:35:10,0.258
2010-08-19 06:58:25,0.273
2010-08-19 08:26:05,0.262
2010-08-19 12:04:54,0.272
2010-08-19 13:33:12,0.258
2010-08-19 14:57:47,0.274
2010-08-19 17:28:16,0.254
2010-08-20 01:18:02,0.26
2010-08-20 11:51:10,0.278
2010-08-20 12:58:14,0.268
2010-08-20 15:26:22,0.256
2010-08-20 16:31:05,0.267
2010-08-20 19:55:15,0.274
2010-08-20 21:00:49,0.257
2010-08-21 01:25:53,0.278
2010-08-21 02:50:47,0.254
2010-08-21 04:03:35,0.274
2010-08-21 05:28:30,0.254
2010-08-21 06:29:08,0.274
2010-08-21 09:10:18,0.262
2010-08-21 10:21:26,0.278
2010-08-21 11:28:41,0.254
2010-08-21 12:48:26,0.27
2010-08-21 15:43:22,0.259
2010-08-21 18:26:07,0.268
2010-08-22 03:48:42,0.261
2010-08-22 21:06:38,0.256
2010-08-23 00:26:00,0.27
2010-08-23 03:47:16,0.263
2010-08-23 05:05:15,0.279
2010-08-23 06:16:23,0.26
2010-08-23 07:24:38,0.255
2010-08-23 13:38:50,0.256
2010-08-23 17:23:06,0.276
2010-08-23 18:32:59,0.268
2010-08-23 19:41:32,0.269
2010-08-23 21:09:42,0.256
2010-08-23 23:43:42,0.273
2010-08-24 04:51:56,0.256
2010-08-24 06:00:17,0.263
2010-08-24 07:29:20,0.254
2010-08-24 14:12:28,0.273
2010-08-24 15:17:23,0.267
2010-08-25 06:21:32,0.265
2010-08-25 09:59:20,0.272
2010-08-25 17:25:48,0.269
2010-08-26 09:09:06,0.267
2010-08-27 03:54:02,0.257
2010-08-27 09:55:30,0.273
2010-08-27 11:21:37,0.258
2010-08-27 12:38:24,0.255
2010-08-27 14:56:39,0.262
2010-08-27 16:12:02,0.264
2010-08-27 17:39:35,0.278
2010-08-27 19:04:47,0.259
2010-08-27 20:21:22,0.28
2010-08-27 21:34:10,0.255
2010-08-27 22:55:21,0.278
2010-08-28 01:43:41,0.264
2010-08-28 04:32:33,0.26
2010-08-28 08:30:46,0.254
2010-08-28 21:59:46,0.28
2010-08-28 23:04:47,0.266
2010-08-29 09:10:25,0.262
2010-08-29 14:39:01,0.277
2010-08-29 15:40:47,0.271
2010-08-29 16:56:01,0.265
2010-08-29 22:05:43,0.262
2010-08-30 00:35:41,0.263
2010-08-30 01:45:53,0.277
2010-08-30 04:10:14,0.265
2010-08-30 16:32:13,0.273
2010-08-30 17:55:53,0.257
2010-08-30 19:23:03,0.265
2010-08-30 21:37:14,0.255
2010-08-31 01:15:10,0.277
2010-08-31 02:42:28,0.259
2010-08-31 05:12:11,0.27
2010-08-31 06:19:33,0.255
2010-08-31 07:48:43,0.269
2010-08-31 12:50:58,0.255
2010-08-31 14:08:01,0.271
2010-08-31 23:22:46,0.257
2010-09-01 01:48:27,0.279
2010-09-01 03:12:02,0.262
2010-09-01 16:03:38,0.261
2010-09-01 18:32:05,0.275
2010-09-01 20:49:37,0.257
2010-09-02 00:57:58,0.265
2010-09-02 02:08:02,0.28
2010-09-02 03:27:43,0.266
2010-09-03 05:43:38,0.271
2010-09-03 07:07:02,0.269
2010-09-03 17:22:14,0.255
2010-09-03 18:42:05,0.257
2010-09-03 21:06:06,0.279
2010-09-03 22:16:18,0.254
2010-09-04 02:05:22,0.28
2010-09-04 04:53:23,0.266
2010-09-04 06:21:08,0.264
2010-09-04 13:42:59,0.258
2010-09-04 14:46:22,0.261
2010-09-04 18:06:52,0.26
2010-09-04 21:31:26,0.264
2010-09-05 00:01:29,0.267
2010-09-05 01:11:26,0.265
2010-09-05 05:15:02,0.279
2010-09-05 07:57:28,0.26
2010-09-05 11:40:36,0.277
2010-09-05 12:44:10,0.26
2010-09-05 18:09:49,0.269
2010-09-05 19:22:41,0.272
2010-09-05 23:05:35,0.255
2010-09-06 01:55:17,0.273
2010-09-06 11:04:20,0.258
2010-09-06 12:32:55,0.273
2010-09-06 16:37:25,0.265
2010-09-06 20:01:40,0.28
2010-09-06 22:32:03,0.261
2010-09-06 23:33:19,0.28
2010-09-07 02:13:49,0.254
2010-09-07 06:36:50,0.275
2010-09-07 15:36:11,0.257
2010-09-07 16:41:14,0.278
2010-09-07 21:20:03,0.259
2010-09-08 00:42:41,0.28
2010-09-08 02:09:42,0.266
2010-09-08 03:40:21,0.26
2010-09-08 05:52:56,0.255
2010-09-08 08:16:58,0.279
2010-09-08 10:57:52,0.257
2010-09-08 12:10:05,0.279
2010-09-08 13:24:39,0.278
2010-09-08 15:57:46,0.265
2010-09-08 17:12:25,0.275
2010-09-08 18:22:30,0.257
2010-09-08 20:47:08,0.272
2010-09-09 00:20:26,0.27
2010-09-09 02:59:15,0.261
2010-09-09 08:34:36,0.267
2010-09-09 11:16:09,0.26
2010-09-09 15:01:37,0.278
2010-09-10 01:23:41,0.264
2010-09-10 03:55:38,0.275
2010-09-10 05:22:48,0.255
2010-09-10 06:34:30,0.259
2010-09-10 07:42:55,0.278
2010-09-10 11:41:09,0.272
2010-09-10 19:05:42,0.276
2010-09-10 20:30:47,0.254
2010-09-10 21:42:11,0.259
2010-09-10 23:03:45,0.273
2010-09-11 00:23:23,0.26
2010-09-11 04:38:00,0.268
2010-09-11 08:09:05,0.272
2010-09-11 14:35:45,0.254
2010-09-11 18:17:25,0.275
2010-09-11 19:32:14,0.257
2010-09-11 20:54:28,0.278
2010-09-11 22:11:41,0.262
2010-09-12 03:17:05,0.255
2010-09-12 04:43:04,0.272
2010-09-12 06:55:08,0.268
2010-09-12 13:39:29,0.262
2010-09-12 14:57:12,0.273
2010-09-12 17:29:25,0.255
2010-09-12 19:52:29,0.27
2010-09-12 21:18:03,0.256
2010-09-12 23:48:09,0.263
2010-09-13 01:01:43,0.278
2010-09-13 02:31:06,0.264
2010-09-13 06:20:53,0.261
2010-09-13 09:57:26,0.259
2010-09-13 11:25:41,0.273
2010-09-13 14:08:04,0.27
2010-09-13 16:57:44,0.26
2010-09-13 19:16:17,0.277
2010-09-13 20:35:40,0.263
2010-09-13 23:59:21,0.279
2010-09-14 02:04:36,0.277
2010-09-14 03:06:46,0.258
2010-09-14 05:37:59,0.273
2010-09-14 08:12:42,0.267
2010-09-14 11:03:26,0.264
2010-09-14 13:50:37,0.254
2010-09-14 16:13:22,0.277
2010-09-14 17:23:41,0.265
2010-09-14 18:30:03,0.256
2010-09-14 21:04:21,0.277
2010-09-14 22:10:10,0.256
2010-09-15 00:38:42,0.27
2010-09-15 05:37:49,0.254
2010-09-15 06:56:22,0.278
2010-09-15 08:25:34,0.261
2010-09-15 11:43:34,0.262
2010-09-15 13:08:51,0.276
2010-09-15 14:13:27,0.259
2010-09-15 15:15:04,0.26
2010-09-15 16:37:35,0.257
2010-09-15 20:14:26,0.273
2010-09-16 00:03:55,0.262
2010-09-16 05:06:15,0.27
2010-09-16 07:27:54,0.277
2010-09-16 10:07:09,0.259
2010-09-16 16:28:39,0.274
2010-09-16 17:56:23,0.27
2010-09-16 19:05:46,0.254
2010-09-16 20:10:33,0.271
2010-09-16 22:28:21,0.266
2010-09-17 03:29:30,0.271
2010-09-17 09:30:43,0.258
2010-09-17 12:59:23,0.256
2010-09-17 15:15:33,0.279
2010-09-17 16:46:30,0.254
2010-09-17 18:11:51,0.268
2010-09-17 19:38:04,0.263
2010-09-17 20:38:33,0.28
2010-09-17 21:58:09,0.257
2010-09-17 23:12:11,0.278
2010-09-18 05:16:53,0.28
2010-09-18 06:33:12,0.255
2010-09-18 09:11:20,0.26
2010-09-18 10:27:02,0.274
2010-09-18 11:51:20,0.257
2010-09-18 12:58:57,0.276
2010-09-18 14:00:07,0.262
2010-09-18 22:32:35,0.268
2010-09-19 02:21:37,0.262
2010-09-19 08:52:42,0.28
2010-09-19 12:53:48,0.262
2010-09-19 19:05:17,0.258
2010-09-19 20:07:03,0.257
2010-09-19 22:10:12,0.275
2010-09-19 23:18:04,0.257
2010-09-20 01:50:09,0.272
2010-09-20 03:07:05,0.258
2010-09-20 05:40:19,0.27
2010-09-20 09:10:37,0.255
2010-09-20 10:34:39,0.256
2010-09-20 11:54:22,0.261
2010-09-20 13:18:22,0.275
2010-09-20 14:31:30,0.258
2010-09-20 16:00:14,0.262
2010-09-20 17:15:35,0.264
2010-09-20 19:43:12,0.259
2010-09-21 02:01:09,0.261
2010-09-21 03:28:09,0.275
2010-09-21 08:19:25,0.255
2010-09-21 09:35:36,0.256
2010-09-21 16:02:52,0.278
2010-09-21 18:40:30,0.264
2010-09-21 23:26:07,0.277
2010-09-22 02:07:28,0.269
2010-09-22 08:47:37,0.257
2010-09-22 09:49:39,0.271
2010-09-22 12:02:59,0.278
2010-09-22 13:07:50,0.27
2010-09-22 17:31:44,0.257
2010-09-22 18:55:42,0.271
2010-09-23 01:28:35,0.257
2010-09-23 02:44:19,0.269
2010-09-23 08:23:57,0.258
2010-09-23 10:42:34,0.267
2010-09-23 13:21:09,0.268
2010-09-23 14:26:13,0.26
2010-09-23 18:22:11,0.276
2010-09-23 20:43:36,0.272
2010-09-24 00:19:39,0.255
2010-09-24 01:35:36,0.26
2010-09-24 02:51:26,0.266
2010-09-24 07:35:41,0.271
2010-09-24 08:48:59,0.263
2010-09-24 12:21:26,0.265
2010-09-24 14:43:58,0.28
2010-09-24 18:36:55,0.265
2010-09-24 21:09:05,0.279
2010-09-24 22:20:23,0.26
2010-09-25 03:24:31,0.254
2010-09-25 06:09:49,0.262
2010-09-25 07:14:59,0.278
2010-09-25 10:51:21,0.255
2010-09-25 12:05:38,0.278
2010-09-25 17:02:51,0.263
2010-09-25 18:12:06,0.277
2010-09-25 20:55:41,0.255
2010-09-25 22:19:39,0.279
2010-09-25 23:42:37,0.275
2010-09-26 08:20:14,0.266
2010-09-26 12:24:17,0.272
2010-09-26 15:06:24,0.257
2010-09-26 19:37:10,0.278
2010-09-26 20:48:55,0.263
2010-09-26 23:31:22,0.258
2010-09-27 04:33:27,0.267
2010-09-27 10:00:03,0.269
2010-09-27 11:07:29,0.254
2010-09-27 12:18:06,0.279
2010-09-27 15:13:55,0.26
2010-09-27 16:16:15,0.258
2010-09-27 20:29:25,0.264
2010-09-28 00:27:26,0.259
2010-09-28 01:32:20,0.277
2010-09-28 02:44:21,0.261
2010-09-28 06:31:34,0.28
2010-09-28 10:33:46,0.258
2010-09-28 14:40:21,0.264
2010-09-28 17:13:52,0.267
2010-09-28 18:39:41,0.271
2010-09-28 20:59:07,0.254
2010-09-28 23:24:28,0.274
2010-09-29 03:10:32,0.259
2010-09-29 09:26:25,0.28
2010-09-29 14:17:59,0.263
2010-09-29 17:53:21,0.28
2010-09-29 18:58:58,0.273
2010-09-29 20:17:48,0.255
2010-09-29 23:54:27,0.273
2010-09-30 03:46:58,0.256
2010-09-30 04:58:30,0.275
2010-09-30 10:05:20,0.265
2010-10-01 03:25:49,0.263
2010-10-01 04:28:32,0.264
2010-10-01 05:52:48,0.257
2010-10-01 07:02:44,0.279
2010-10-01 08:11:41,0.268
2010-10-01 09:22:18,0.255
2010-10-01 10:43:33,0.273
2010-10-01 15:36:38,0.278
2010-10-01 16:48:59,0.273
2010-10-01 21:44:30,0.258
2010-10-01 23:14:27,0.265
2010-10-02 11:33:57,0.279
2010-10-02 12:57:13,0.256
2010-10-02 14:07:51,0.275
2010-10-02 18:06:39,0.274
2010-10-02 19:13:11,0.255
2010-10-02 21:46:21,0.276
2010-10-03 00:04:52,0.259
2010-10-03 01:06:26,0.27
2010-10-03 09:58:08,0.259
2010-10-03 12:40:39,0.26
2010-10-03 15:18:52,0.274
2010-10-03 16:36:14,0.278
2010-10-03 19:25:48,0.257
2010-10-03 20:39:37,0.271
2010-10-04 00:06:07,0.256
2010-10-04 05:08:50,0.279
2010-10-04 06:37:55,0.262
2010-10-04 07:48:39,0.265
2010-10-04 18:26:42,0.254
2010-10-04 19:37:34,0.27
2010-10-05 04:11:12,0.255
2010-10-05 05:26:44,0.275
2010-10-05 07:38:28,0.262
2010-10-05 10:29:20,0.278
2010-10-05 17:36:09,0.264
2010-10-05 19:04:38,0.263
2010-10-05 21:46:57,0.258
2010-10-05 23:15:56,0.267
2010-10-06 04:03:49,0.269
2010-10-06 08:46:27,0.276
2010-10-06 10:06:56,0.26
2010-10-06 11:31:41,0.263
2010-10-06 13:02:18,0.275
2010-10-06 15:29:42,0.267
2010-10-06 22:15:56,0.269
2010-10-07 02:17:04,0.268
2010-10-07 04:31:06,0.279
2010-10-07 05:37:47,0.263
2010-10-07 08:19:18,0.256
2010-10-07 09:30:12,0.276
2010-10-07 10:38:30,0.257
2010-10-07 13:15:40,0.276
2010-10-07 15:44:50,0.261
2010-10-07 17:13:50,0.263
2010-10-07 18:19:29,0.265
2010-10-07 23:21:48,0.274
2010-10-08 00:51:46,0.262
2010-10-08 03:11:05,0.277
2010-10-08 09:20:20,0.26
2010-10-08 13:12:24,0.279
2010-10-08 14:41:05,0.261
2010-10-08 16:07:23,0.267
2010-10-08 17:12:55,0.272
2010-10-08 18:16:37,0.254
2010-10-08 19:39:48,0.258
2010-10-08 21:06:11,0.269
2010-10-08 22:30:28,0.274
2010-10-08 23:35:53,0.259
2010-10-09 02:12:57,0.279
2010-10-09 04:18:47,0.27
2010-10-09 15:44:43,0.255
2010-10-09 22:18:08,0.263
2010-10-09 23:47:52,0.277
2010-10-10 01:54:04,0.26
2010-10-10 02:55:37,0.259
2010-10-10 04:00:20,0.274
2010-10-10 06:14:39,0.264
2010-10-10 09:59:50,0.277
2010-10-10 13:51:09,0.269
2010-10-11 01:09:36,0.279
2010-10-11 02:17:19,0.26
2010-10-11 03:47:58,0.271
2010-10-11 07:37:06,0.257
2010-10-11 15:20:29,0.273
2010-10-11 18:06:14,0.259
2010-10-11 19:13:19,0.261
2010-10-11 21:35:28,0.269
2010-10-11 23:50:58,0.254
2010-10-12 04:14:37,0.275
2010-10-12 06:47:38,0.263
2010-10-12 10:29:34,0.277
2010-10-12 11:31:53,0.259
2010-10-12 13:55:29,0.275
2010-10-12 18:54:20,0.272
2010-10-12 21:25:50,0.258
2010-10-13 04:02:57,0.278
2010-10-13 05:31:38,0.256
2010-10-13 08:11:56,0.276
2010-10-13 10:43:43,0.257
2010-10-13 12:14:40,0.273
2010-10-13 14:45:31,0.261
2010-10-13 17:29:57,0.275
2010-10-13 21:21:39,0.261
2010-10-14 01:31:20,0.279
2010-10-14 02:34:38,0.255
2010-10-14 05:29:33,0.254
2010-10-14 06:53:32,0.255
2010-10-14 09:26:16,0.262
2010-10-14 13:16:15,0.27
2010-10-14 15:35:20,0.257
2010-10-14 18:03:07,0.276
2010-10-14 20:18:53,0.261
2010-10-14 22:47:10,0.274
2010-10-14 23:47:58,0.255
2010-10-15 01:09:55,0.271
2010-10-15 03:44:44,0.262
2010-10-15 06:09:31,0.276
2010-10-15 08:41:20,0.254
2010-10-15 10:11:26,0.263
2010-10-15 11:26:55,0.267
2010-10-15 22:12:25,0.257
2010-10-16 00:42:25,0.271
2010-10-16 01:54:53,0.256
2010-10-16 04:35:14,0.259
2010-10-16 05:59:38,0.264
2010-10-16 07:29:10,0.28
2010-10-16 08:40:48,0.258
2010-10-16 11:15:06,0.279
2010-10-16 12:24:00,0.263
2010-10-16 13:40:52,0.264
2010-10-16 14:49:54,0.277
2010-10-16 16:06:21,0.255
2010-10-16 17:32:05,0.279
2010-10-16 18:57:59,0.255
2010-10-16 22:35:38,0.271
2010-10-17 03:30:28,0.267
2010-10-17 04:40:39,0.254
2010-10-17 06:00:49,0.257
2010-10-17 15:36:15,0.279
2010-10-17 16:59:28,0.271
2010-10-17 22:07:38,0.256
2010-10-17 23:35:28,0.272
2010-10-18 01:00:27,0.257
2010-10-18 02:20:41,0.28
2010-10-18 03:30:33,0.279
2010-10-18 09:50:33,0.259
2010-10-18 10:59:19,0.272
2010-10-18 12:03:02,0.256
2010-10-18 13:11:27,0.277
2010-10-18 16:55:11,0.261
2010-10-18 18:05:02,0.276
2010-10-18 19:22:17,0.255
2010-10-18 20:37:42,0.274
2010-10-18 23:17:57,0.269
2010-10-19 04:20:01,0.255
2010-10-19 06:56:04,0.267
2010-10-19 09:14:03,0.266
2010-10-19 16:49:40,0.273
2010-10-19 18:20:00,0.259
2010-10-19 19:31:13,0.273
2010-10-20 00:42:43,0.258
2010-10-20 04:34:46,0.276
2010-10-20 08:15:39,0.257
2010-10-20 10:40:35,0.277
2010-10-20 12:53:35,0.261
2010-10-20 15:27:02,0.271
2010-10-20 17:59:48,0.258
2010-10-20 20:38:41,0.279
2010-10-20 21:50:03,0.261
2010-10-20 23:10:38,0.263
2010-10-21 01:32:15,0.278
2010-10-21 07:49:12,0.258
2010-10-21 12:01:48,0.266
2010-10-21 13:27:47,0.267
2010-10-21 20:19:20,0.277
2010-10-21 21:26:38,0.27
2010-10-21 22:29:07,0.258
2010-10-21 23:50:15,0.28
2010-10-22 01:10:22,0.258
2010-10-22 02:12:38,0.276
2010-10-22 03:18:57,0.27
2010-10-22 04:24:13,0.266
2010-10-22 05:40:59,0.267
2010-10-22 07:06:23,0.255
2010-10-22 08:26:51,0.27
2010-10-23 06:01:57,0.274
2010-10-23 07:25:55,0.267
2010-10-23 18:56:35,0.266
2010-10-24 01:49:53,0.271
2010-10-24 03:12:12,0.255
2010-10-24 04:13:12,0.275
2010-10-24 06:54:05,0.254
2010-10-24 07:59:37,0.272
2010-10-24 09:26:59,0.257
2010-10-24 10:49:18,0.279
2010-10-24 13:29:03,0.265
2010-10-24 14:47:37,0.261
2010-10-24 17:24:45,0.277
2010-10-24 19:52:58,0.257
2010-10-24 21:18:38,0.267
2010-10-24 22:25:21,0.273
2010-10-24 23:30:44,0.257
2010-10-25 03:17:17,0.274
2010-10-25 04:31:41,0.26
2010-10-25 07:18:40,0.276
2010-10-25 12:10:32,0.265
2010-10-25 13:14:47,0.257
2010-10-25 14:20:04,0.267
2010-10-25 15:31:07,0.264
2010-10-25 22:37:55,0.263
2010-10-26 09:38:37,0.264
2010-10-26 15:46:49,0.259
2010-10-26 17:01:33,0.28
2010-10-26 19:34:39,0.256
2010-10-27 00:23:42,0.273
2010-10-27 04:01:26,0.259
2010-10-27 05:04:57,0.261
2010-10-27 06:10:58,0.274
2010-10-27 09:49:33,0.259
2010-10-27 10:59:53,0.257
2010-10-27 12:11:21,0.276
2010-10-27 13:33:17,0.279
2010-10-27 15:03:08,0.257
2010-10-27 19:06:31,0.277
2010-10-27 21:21:13,0.262
2010-10-27 22:28:57,0.278
2010-10-27 23:41:02,0.264
2010-10-28 03:27:40,0.28
2010-10-28 04:54:47,0.254
2010-10-28 06:22:17,0.27
2010-10-28 12:59:34,0.257
2010-10-28 14:06:21,0.263
2010-10-28 17:23:17,0.27
2010-10-28 20:02:46,0.256
2010-10-28 21:25:43,0.261
2010-10-28 22:34:22,0.265
2010-10-29 04:02:32,0.256
2010-10-29 05:24:21,0.263
2010-10-29 07:55:09,0.259
2010-10-29 12:56:52,0.279
2010-10-29 14:02:13,0.264
2010-10-29 16:32:12,0.278
2010-10-29 17:37:21,0.259
2010-10-29 18:44:43,0.263
2010-10-30 00:09:32,0.259
2010-10-30 01:28:17,0.255
2010-10-30 02:32:48,0.27
2010-10-30 11:26:59,0.257
2010-10-30 15:01:47,0.273
2010-10-30 20:09:47,0.264
2010-10-30 21:21:59,0.279
2010-10-30 22:28:00,0.263
2010-10-31 00:38:07,0.27
2010-10-31 04:28:19,0.263
2010-10-31 06:53:19,0.256
2010-10-31 08:05:49,0.275
2010-10-31 13:04:23,0.255
2010-10-31 14:33:37,0.276
2010-10-31 15:57:28,0.269
2010-11-01 06:01:43,0.26
2010-11-01 11:50:11,0.275
2010-11-01 13:19:39,0.257
2010-11-01 14:42:29,0.259
2010-11-01 17:40:11,0.28
2010-11-01 19:04:22,0.262
2010-11-01 20:31:24,0.276
2010-11-02 01:24:27,0.261
2010-11-02 02:54:03,0.28
2010-11-02 06:31:18,0.276
2010-11-02 10:09:17,0.255
2010-11-02 12:17:44,0.277
2010-11-02 15:00:27,0.264
2010-11-02 18:30:28,0.278
2010-11-02 21:20:07,0.271
2010-11-03 03:23:53,0.265
2010-11-03 06:55:52,0.267
2010-11-03 18:53:26,0.254
2010-11-03 20:05:01,0.269
2010-11-04 05:35:24,0.256
2010-11-04 07:53:56,0.278
2010-11-04 09:05:06,0.262
2010-11-04 12:56:43,0.278
2010-11-04 13:58:59,0.259
2010-11-04 17:58:26,0.278
2010-11-04 20:41:06,0.268
2010-11-04 21:52:13,0.266
2010-11-04 23:07:41,0.258
2010-11-05 00:33:26,0.279
2010-11-05 01:51:31,0.273
2010-11-05 05:49:01,0.255
2010-11-05 07:17:03,0.262
2010-11-05 11:01:29,0.28
2010-11-05 12:25:28,0.257
2010-11-05 14:47:11,0.279
2010-11-05 18:31:17,0.264
2010-11-06 04:29:56,0.279
2010-11-06 05:41:10,0.277
2010-11-06 07:55:32,0.261
2010-11-06 10:29:09,0.265
2010-11-06 11:40:56,0.266
2010-11-06 15:53:12,0.265
2010-11-06 19:56:15,0.263
2010-11-06 20:57:54,0.278
2010-11-06 22:27:51,0.26
2010-11-06 23:47:38,0.274
2010-11-07 00:54:23,0.259
2010-11-07 02:05:37,0.277
2010-11-07 05:33:27,0.272
2010-11-07 09:20:44,0.258
2010-11-07 15:10:26,0.275
2010-11-07 16:16:43,0.256
2010-11-07 17:25:28,0.27
2010-11-08 01:17:09,0.268
2010-11-08 05:47:57,0.273
2010-11-08 06:50:00,0.256
2010-11-08 09:06:08,0.273
2010-11-08 11:46:33,0.254
2010-11-08 12:57:49,0.28
2010-11-08 14:20:30,0.262
2010-11-08 20:15:20,0.274
2010-11-09 02:47:29,0.256
2010-11-09 03:51:55,0.273
2010-11-09 05:55:49,0.279
2010-11-09 07:16:56,0.259
2010-11-09 16:27:08,0.278
2010-11-09 19:35:17,0.276
2010-11-09 22:20:46,0.255
2010-11-10 00:50:34,0.276
2010-11-10 05:01:44,0.262
2010-11-10 06:05:04,0.26
2010-11-10 07:17:35,0.261
2010-11-10 08:43:00,0.276
2010-11-10 11:34:42,0.264
2010-11-10 16:30:03,0.256
2010-11-10 17:44:41,0.27
2010-11-10 18:59:23,0.255
2010-11-10 22:37:45,0.28
2010-11-10 23:57:33,0.259
2010-11-11 02:29:25,0.274
2010-11-11 04:51:53,0.272
2010-11-11 07:25:06,0.255
2010-11-11 09:59:15,0.276
2010-11-11 11:10:38,0.262
2010-11-11 15:13:58,0.272
2010-11-11 16:32:02,0.254
2010-11-11 19:01:43,0.276
2010-11-11 20:28:50,0.259
2010-11-11 21:39:00,0.273
2010-11-12 01:03:23,0.254
2010-11-12 02:27:08,0.273
2010-11-12 03:28:39,0.256
2010-11-12 07:06:37,0.27
2010-11-12 09:32:21,0.278
2010-11-12 13:18:01,0.254
2010-11-12 17:02:05,0.274
2010-11-12 20:01:56,0.261
2010-11-13 01:11:02,0.277
2010-11-13 02:20:39,0.256
2010-11-13 03:30:10,0.278
2010-11-13 04:44:08,0.261
2010-11-13 10:47:43,0.277
2010-11-13 12:01:44,0.268
2010-11-14 05:51:25,0.264
2010-11-14 12:03:00,0.279
2010-11-14 13:10:03,0.254
2010-11-14 14:40:31,0.255
2010-11-14 17:11:58,0.277
2010-11-14 18:18:44,0.264
2010-11-14 19:37:35,0.267
2010-11-14 21:00:49,0.278
2010-11-14 22:15:10,0.263
2010-11-14 23:35:29,0.277
2010-11-15 00:53:04,0.261
2010-11-15 06:30:16,0.267
2010-11-15 14:37:39,0.256
2010-11-15 15:53:57,0.27
2010-11-15 21:00:30,0.26
2010-11-15 22:12:00,0.274
2010-11-16 01:52:16,0.27
2010-11-16 02:53:13,0.268
2010-11-16 04:05:00,0.271
2010-11-16 06:46:45,0.258
2010-11-16 09:20:58,0.272
2010-11-16 10:48:32,0.274
2010-11-16 14:49:06,0.271
2010-11-16 18:24:17,0.255
2010-11-16 19:31:34,0.279
2010-11-17 02:34:39,0.257
2010-11-17 03:45:15,0.28
2010-11-17 06:35:06,0.255
2010-11-17 07:40:56,0.275
2010-11-17 11:36:42,0.258
2010-11-17 13:04:29,0.273
2010-11-17 16:39:55,0.27
2010-11-17 19:21:19,0.265
2010-11-17 22:02:58,0.263
2010-11-17 23:18:32,0.277
2010-11-18 00:40:00,0.276
2010-11-18 01:51:30,0.257
2010-11-18 04:17:22,0.273
2010-11-18 05:31:50,0.255
2010-11-18 06:38:10,0.271
2010-11-18 16:02:03,0.258
2010-11-18 17:11:18,0.276
2010-11-18 19:34:45,0.261
2010-11-18 21:52:33,0.268
2010-11-19 08:36:15,0.255
2010-11-19 14:36:12,0.274
2010-11-19 22:02:14,0.272
2010-11-19 23:25:12,0.279
2010-11-20 01:55:11,0.255
2010-11-20 04:14:31,0.271
2010-11-20 06:33:26,0.254
2010-11-20 07:58:18,0.274
2010-11-20 09:05:21,0.254
2010-11-20 10:17:21,0.27
2010-11-21 03:01:07,0.269
2010-11-21 04:15:05,0.256
2010-11-21 05:43:15,0.26
2010-11-21 07:04:07,0.27
2010-11-21 08:11:34,0.258
2010-11-21 09:29:08,0.28
2010-11-21 13:30:19,0.263
2010-11-21 14:40:42,0.279
2010-11-21 17:27:42,0.263
2010-11-21 18:34:09,0.265
2010-11-21 20:44:28,0.264
2010-11-21 22:02:05,0.279
2010-11-21 23:11:01,0.273
2010-11-22 00:27:56,0.271
2010-11-22 04:18:00,0.256
2010-11-22 05:23:43,0.271
2010-11-22 06:30:53,0.266
2010-11-22 07:36:43,0.257
2010-11-22 09:05:12,0.268
2010-11-22 11:29:27,0.276
2010-11-22 16:54:37,0.268
2010-11-22 20:54:34,0.256
2010-11-22 23:28:10,0.279
2010-11-23 00:43:27,0.255
2010-11-23 02:09:28,0.279
2010-11-23 03:34:04,0.269
2010-11-23 04:45:37,0.264
2010-11-23 07:32:30,0.28
2010-11-23 08:41:53,0.261
2010-11-23 09:51:36,0.278
2010-11-23 12:28:06,0.27
2010-11-23 23:35:45,0.267
2010-11-24 10:40:04,0.265
2010-11-24 11:46:09,0.261
2010-11-24 16:59:55,0.266
2010-11-24 22:22:35,0.27
2010-11-24 23:26:25,0.26
2010-11-25 00:28:09,0.28
2010-11-25 01:51:31,0.272
2010-11-25 03:17:55,0.28
2010-11-25 04:48:35,0.264
2010-11-25 07:26:41,0.262
2010-11-25 11:59:14,0.276
2010-11-25 13:01:58,0.262
2010-11-25 15:55:09,0.257
2010-11-25 17:01:05,0.271
2010-11-25 20:51:28,0.263
2010-11-25 22:02:33,0.254
2010-11-25 23:24:39,0.271
2010-11-26 02:49:33,0.265
2010-11-26 07:50:21,0.257
2010-11-26 08:52:53,0.271
2010-11-26 10:09:03,0.255
2010-11-26 11:13:27,0.274
2010-11-26 14:57:51,0.267
2010-11-26 19:56:44,0.273
2010-11-26 22:12:52,0.259
2010-11-26 23:38:13,0.277
2010-11-27 00:48:03,0.258
2010-11-27 07:15:22,0.28
2010-11-27 08:33:44,0.257
2010-11-27 09:37:51,0.277
2010-11-27 10:41:08,0.259
2010-11-27 13:27:47,0.274
2010-11-27 14:33:42,0.267
2010-11-27 16:02:18,0.273
2010-11-27 19:49:50,0.256
2010-11-27 22:26:16,0.273
2010-11-27 23:45:46,0.259
2010-11-28 08:29:26,0.28
2010-11-28 09:51:19,0.265
2010-11-28 10:52:22,0.256
2010-11-28 11:59:23,0.278
2010-11-28 13:22:43,0.254
2010-11-28 16:03:11,0.271
2010-11-28 17:07:41,0.258
2010-11-28 19:27:36,0.275
2010-11-28 23:08:41,0.261
2010-11-29 01:21:08,0.279
2010-11-29 03:40:35,0.27
2010-11-29 06:05:27,0.269
2010-11-29 12:23:16,0.254
2010-11-29 14:50:46,0.269
2010-11-29 21:24:59,0.262
2010-11-29 22:48:33,0.28
2010-11-30 01:24:58,0.256
2010-11-30 02:51:49,0.277
2010-11-30 03:59:30,0.261
2010-11-30 06:24:31,0.277
2010-11-30 07:48:57,0.256
2010-11-30 10:17:16,0.276
2010-11-30 11:18:46,0.256
2010-11-30 16:22:46,0.255
2010-11-30 17:36:21,0.273
